Height,Shag,Little_Gull,Atlantic_Puffin,Black_Throated_Diver,Common_Tern,Northern_Fulmar,Lesser_Black_Backed_Gull,Herring_Gull,Arctic_Tern,Little_Auk,Black_Headed_Gull,Great_Black_backed_Gull,Sandwich_Tern,Arctic_Skua,Great_Skua,Common_Gull,Manx_Shearwater,Northern_Gannet,Black_legged_Kittiwake,Common_Guillemot,Razorbill
1,0.045884743,0.209470985,0.495897669,0.442421423,0.220175663,0.514082704,0.045506574,0.064814906,0.072783392,0.962603732,0.148046217,0.048016051,0.040369973,0.229126216,0.233290201,0.051911576,0.600473553,0.281986342,0.089903661,0.523716407,0.464364392
2,0.047160455,0.156469183,0.2243465,0.073917935,0.161829295,0.231840744,0.045498002,0.060279825,0.07633966,0.03151938,0.122988332,0.046300775,0.046199922,0.16820392,0.168948002,0.051126188,0.237446451,0.170686721,0.081107159,0.237819131,0.222274043
3,0.048128853,0.119061053,0.108375735,0.047151366,0.113978534,0.11112847,0.044796897,0.055931712,0.078788541,0.001140741,0.101416303,0.044588565,0.050994854,0.124734381,0.123038524,0.050841513,0.093210348,0.112824899,0.07253847,0.116890781,0.106091946
4,0.047867308,0.091721156,0.053408056,0.017856486,0.088548801,0.054200534,0.044190314,0.052061616,0.079776058,4.87E-05,0.083651929,0.042926022,0.056045888,0.091616372,0.089004676,0.050128367,0.036747289,0.072894472,0.067067549,0.056493273,0.051181676
5,0.046932778,0.070473884,0.027131003,0.005826074,0.067714546,0.027397145,0.04473932,0.0484299,0.07594396,2.04E-06,0.069617138,0.041148899,0.05873623,0.068078477,0.068694144,0.048672973,0.014550331,0.049954171,0.061008363,0.027463182,0.024936339
6,0.045875337,0.054934202,0.014263342,0.001981135,0.052624175,0.01441419,0.045050779,0.045267182,0.068234272,9.10E-08,0.058639634,0.039708521,0.056056277,0.051481757,0.052507503,0.04744241,0.005787041,0.033202014,0.055578693,0.013489718,0.012690382
7,0.044699987,0.043642768,0.007757368,0.000718385,0.040820358,0.007824083,0.04379291,0.041962906,0.05816983,4.32E-09,0.049695763,0.038335512,0.05261079,0.039394371,0.040074767,0.045889949,0.002311323,0.022500215,0.050706653,0.006694457,0.006693875
8,0.042276518,0.035126846,0.004338972,0.000270403,0.031467953,0.004394195,0.041702152,0.039039505,0.049686981,2.18E-10,0.042252866,0.037061753,0.049696594,0.030455071,0.030869699,0.044045729,0.000945173,0.015546207,0.046329205,0.003356223,0.003614879
9,0.037476295,0.027762304,0.002513617,0.000105437,0.024726734,0.002573266,0.039653563,0.03636721,0.042427667,1.17E-11,0.035962295,0.035674413,0.049068073,0.023945543,0.024019746,0.042197534,0.000409241,0.010951253,0.042391002,0.001699698,0.002041407
10,0.038063283,0.022752962,0.001502285,4.30E-05,0.019789374,0.001550386,0.037762708,0.03383412,0.035915797,6.65E-13,0.030354338,0.034299129,0.046469791,0.019034549,0.01891262,0.040016257,0.000202739,0.008040758,0.038843201,0.000918128,0.001164209
11,0.044103167,0.018515443,0.000922795,1.74E-05,0.015622354,0.000983372,0.036046988,0.031505518,0.029334479,4.03E-14,0.025448968,0.03291133,0.042411459,0.015358282,0.015010854,0.038405115,0.000121283,0.006396398,0.035642169,0.000504336,0.000702086
12,0.042493838,0.015366427,0.000585147,6.75E-06,0.012564134,0.000653845,0.034271467,0.029411411,0.022622073,2.59E-15,0.021509458,0.031412078,0.038813471,0.012618014,0.01203126,0.036709716,9.25E-05,0.005559501,0.032749168,0.000310917,0.00044179
13,0.041091457,0.012771612,0.000383113,2.28E-06,0.010264276,0.000451224,0.032681109,0.027602526,0.014719544,1.77E-16,0.018037641,0.029669447,0.033232992,0.010736667,0.009785293,0.035065221,8.97E-05,0.005327364,0.030123948,0.000236602,0.000308946
14,0.038740309,0.01051235,0.000259316,8.26E-07,0.008349456,0.000327256,0.031087495,0.025870458,0.008845357,1.29E-17,0.015250038,0.02801071,0.02699432,0.00943109,0.008062404,0.032960557,9.99E-05,0.006045404,0.027726594,0.00016932,0.000222467
15,0.036132665,0.008828039,0.000180607,2.76E-07,0.006926927,0.000246163,0.029509728,0.024287124,0.00582566,1.00E-18,0.012582596,0.026395736,0.021037988,0.008404053,0.006816968,0.030793966,0.00011428,0.007401972,0.025523947,0.000126674,0.000170804
16,0.033367279,0.007284603,0.000129875,1.06E-07,0.005600503,0.000193266,0.027705215,0.0228497,0.004053973,8.32E-20,0.010834067,0.024947738,0.013156181,0.007545962,0.005850266,0.028836084,0.000119927,0.009459023,0.023488724,9.81E-05,0.000142361
17,0.030534022,0.006083763,9.75E-05,3.42E-08,0.004725453,0.000158183,0.02580842,0.021415431,0.003015928,7.42E-21,0.00915661,0.023493534,0.007923634,0.006797857,0.005100521,0.02647823,0.000105271,0.012203643,0.021598567,7.79E-05,0.000121722
18,0.027710741,0.005250839,7.52E-05,1.70E-08,0.003904087,0.000133482,0.023800114,0.020107618,0.002423277,7.11E-22,0.007771807,0.021984275,0.00504498,0.006173439,0.004474415,0.024311808,7.58E-05,0.014708645,0.019835264,6.29E-05,0.000106658
19,0.024961559,0.004569513,6.18E-05,1.03E-08,0.003235775,0.000115407,0.022073712,0.018887197,0.002103882,7.34E-23,0.006620617,0.020629539,0.003260562,0.005594948,0.004001056,0.022098921,4.53E-05,0.014932,0.018184116,5.17E-05,9.52E-05
20,0.022336402,0.004037513,5.19E-05,7.25E-09,0.002652228,0.000103256,0.020341554,0.017662943,0.001869544,8.18E-24,0.005682939,0.019254398,0.002262098,0.005103874,0.003560256,0.019777339,2.39E-05,0.013080086,0.016633444,3.38E-05,8.47E-05
21,0.019871524,0.003655414,4.51E-05,5.04E-09,0.00219935,9.46E-05,0.018758295,0.016564591,0.001790413,1.11E-24,0.004879605,0.018128496,0.001667784,0.004646225,0.003208392,0.017928292,1.08E-05,0.01304686,0.015177012,1.58E-05,7.45E-05
22,0.017590741,0.003326465,3.91E-05,3.76E-09,0.00190461,8.84E-05,0.017239892,0.01550199,0.001601303,1.94E-25,0.00418974,0.017023545,0.001309155,0.004174009,0.002841555,0.016211985,4.18E-06,0.012520437,0.013814353,6.50E-06,6.32E-05
23,0.015507099,0.002999014,3.57E-05,3.12E-09,0.001613088,8.60E-05,0.015874841,0.014443116,0.001410954,3.94E-26,0.003492611,0.016012021,0.001071489,0.003675521,0.002504984,0.014745845,1.40E-06,0.010094697,0.012471224,2.37E-06,5.23E-05
24,0.012848411,0.002743187,3.23E-05,2.31E-09,0.00135614,8.37E-05,0.014488555,0.013451789,0.001278059,9.39E-27,0.002938338,0.015141478,0.000910742,0.003154595,0.002231396,0.013414329,4.10E-07,0.008341839,0.011336097,7.67E-07,4.56E-05
25,0.010476542,0.002559588,2.94E-05,2.22E-09,0.001151701,8.33E-05,0.013193032,0.012475524,0.001152494,2.65E-27,0.002542899,0.014295737,0.000872811,0.002605994,0.001960768,0.012160128,1.05E-07,0.007488887,0.010275778,2.22E-07,3.96E-05
26,0.008730245,0.002378848,2.65E-05,2.04E-09,0.00098383,7.83E-05,0.011924222,0.01157996,0.001076233,8.90E-28,0.002191942,0.013445526,0.000869802,0.002122736,0.001763926,0.011004628,2.39E-08,0.00478015,0.009271074,6.75E-08,3.24E-05
27,0.005658796,0.002230655,2.40E-05,2.38E-09,0.000816692,7.12E-05,0.010862989,0.010752621,0.001065424,3.60E-28,0.00187271,0.012746419,0.00086693,0.001666422,0.001559358,0.009907446,4.84E-09,0.002934065,0.00834816,3.53E-08,2.72E-05
28,0.00355757,0.002092783,2.31E-05,2.48E-09,0.000696405,6.87E-05,0.009743504,0.009918267,0.001055106,1.75E-28,0.001607904,0.012007549,0.000864192,0.001485275,0.001341955,0.00885723,8.80E-10,0.001873122,0.00750305,1.84E-08,2.33E-05
29,0.002163772,0.001993057,2.14E-05,2.67E-09,0.000587095,6.97E-05,0.008853562,0.009198061,0.001045252,1.01E-28,0.001403067,0.011294005,0.000861582,0.001458064,0.001195377,0.007926487,1.45E-10,0.001137248,0.006731509,9.61E-09,1.91E-05
30,0.001400952,0.001887414,2.10E-05,2.97E-09,0.00049925,6.89E-05,0.008072334,0.008548272,0.001035836,6.90E-29,0.00121034,0.01064667,0.000859097,0.001431979,0.001114864,0.007125383,2.16E-11,0.000658694,0.006029142,5.00E-09,1.62E-05
31,0.000877886,0.001802996,1.95E-05,3.84E-09,0.000427454,7.12E-05,0.007369875,0.007899142,0.00102683,5.55E-29,0.001041482,0.010020814,0.000881273,0.001234323,0.001024698,0.006410322,2.97E-12,0.000365088,0.005391482,2.76E-09,1.45E-05
32,0.000700096,0.001733267,1.95E-05,5.17E-09,0.000364648,6.94E-05,0.006693729,0.007298986,0.001018212,5.22E-29,0.000883761,0.009380675,0.00098066,0.001032875,0.000933862,0.005808832,3.76E-13,0.000194242,0.004814059,2.48E-09,1.30E-05
33,0.000590483,0.001635446,1.96E-05,7.21E-09,0.000320547,6.68E-05,0.006030241,0.006800251,0.001009957,5.71E-29,0.000770779,0.008847656,0.001121193,0.000856628,0.000864503,0.005223514,4.43E-14,9.95E-05,0.00429246,2.33E-09,1.16E-05
34,0.000500641,0.001547471,1.94E-05,1.04E-08,0.000280615,6.52E-05,0.005431185,0.006279906,0.001002042,7.20E-29,0.000678993,0.008315894,0.001249051,0.000698353,0.000788788,0.004696676,4.89E-15,4.92E-05,0.00382238,2.29E-09,1.03E-05
35,0.000332776,0.001419592,1.96E-05,1.55E-08,0.000245375,6.23E-05,0.004967028,0.005813579,0.000994447,1.04E-28,0.000589202,0.007833469,0.001294471,0.000561341,0.000717693,0.004252702,5.10E-16,2.36E-05,0.003399657,2.33E-09,8.75E-06
36,0.000244085,0.001313662,2.03E-05,2.36E-08,0.000221733,6.04E-05,0.004533858,0.005378399,0.00098715,6.75E-29,0.000516567,0.007379217,0.001249373,0.000456661,0.000666544,0.003837949,5.05E-17,1.10E-05,0.003020308,2.46E-09,7.39E-06
37,0.000171362,0.001199874,2.12E-05,3.56E-08,0.000201036,5.68E-05,0.004214412,0.004993926,0.000980129,1.81E-28,0.000455767,0.006911267,0.00107538,0.000365823,0.0006224,0.003448598,4.79E-18,5.00E-06,0.002604091,2.69E-09,6.68E-06
38,0.000127429,0.001086644,2.26E-05,5.46E-08,0.000181213,5.20E-05,0.003890469,0.004658597,0.000973367,6.74E-28,0.000411187,0.006484557,0.000910695,0.000293203,0.000573855,0.003108604,4.38E-19,2.22E-06,0.002146094,3.05E-09,6.08E-06
39,0.00010892,0.001063049,2.41E-05,8.54E-08,0.000163484,4.85E-05,0.003596827,0.004324689,0.000966843,1.59E-27,0.000378905,0.006129967,0.000841613,0.000237922,0.000533242,0.00279792,3.89E-20,9.67E-07,0.001759912,9.69E-10,6.16E-06
40,9.36E-05,0.001012436,2.55E-05,1.36E-07,0.000149534,4.51E-05,0.003299468,0.004039896,0.00096054,4.14E-27,0.000350819,0.005816007,0.000840139,0.00018879,0.00050567,0.00250481,3.38E-21,4.15E-07,0.001436678,2.42E-10,5.96E-06
41,8.09E-05,0.000971774,2.63E-05,2.17E-07,0.000136442,4.12E-05,0.003037232,0.003750353,0.000954451,1.20E-26,0.000325369,0.005500108,0.000838746,0.000149677,0.000480421,0.002255009,2.90E-22,1.76E-07,0.001167968,5.87E-11,4.86E-06
42,7.02E-05,0.000917326,2.75E-05,3.49E-07,0.00012501,3.98E-05,0.002803004,0.003501321,0.000741287,3.79E-26,0.000304615,0.00517828,0.000837429,0.000118848,0.000468277,0.002022611,2.49E-23,7.36E-08,0.00094598,1.39E-11,4.40E-06
43,6.13E-05,0.000855928,2.95E-05,5.67E-07,0.000115847,3.65E-05,0.002602663,0.003276959,0.000567589,1.31E-25,0.000287186,0.00488168,0.000836184,9.27E-05,0.000453776,0.001807005,2.11E-24,3.06E-08,0.000763642,3.24E-12,4.60E-06
44,5.38E-05,0.000792602,3.26E-05,9.30E-07,0.000108928,3.40E-05,0.002387771,0.003061295,0.00042998,4.89E-25,0.000265921,0.004627403,0.000835009,7.33E-05,0.000437141,0.001609479,1.80E-25,1.27E-08,0.000635179,9.33E-13,4.74E-06
45,3.76E-05,0.000734217,3.37E-05,1.51E-06,0.000104016,3.26E-05,0.00218865,0.002838616,0.0002942,1.97E-24,0.000259663,0.004404557,0.000833899,5.84E-05,0.0004178,0.001453652,1.56E-26,5.27E-09,0.000570397,5.49E-13,4.86E-06
46,3.17E-05,0.000699763,3.08E-05,1.79E-06,9.85E-05,3.22E-05,0.002006085,0.002634234,0.000197338,8.50E-24,0.00024315,0.004159453,0.000832851,4.57E-05,0.000387275,0.001309261,1.38E-27,2.19E-09,0.000512282,3.29E-13,4.85E-06
47,2.81E-05,0.000635245,3.23E-05,2.24E-06,9.40E-05,3.28E-05,0.001846922,0.002471903,0.000146837,3.90E-23,0.00024399,0.003914295,0.000831861,3.60E-05,0.000365857,0.001182846,1.25E-28,9.14E-10,0.000460081,2.00E-13,4.63E-06
48,2.50E-05,0.000588907,3.28E-05,3.25E-06,8.98E-05,3.35E-05,0.001702626,0.002278403,0.000109302,1.89E-22,0.000232372,0.003682936,0.000830926,2.87E-05,0.000342809,0.001053482,1.18E-29,3.85E-10,0.00041314,1.24E-13,4.18E-06
49,2.24E-05,0.000528878,2.97E-05,5.65E-06,8.67E-05,3.24E-05,0.001567315,0.002144844,7.61E-05,9.59E-22,0.000225736,0.003493548,0.000830043,2.28E-05,0.000325113,0.000948821,1.16E-30,1.64E-10,0.000370885,7.89E-14,4.67E-06
50,2.01E-05,0.000490146,2.68E-05,8.11E-06,8.12E-05,3.11E-05,0.001424865,0.002015632,5.52E-05,5.09E-21,0.00021856,0.003291768,0.000829208,1.79E-05,0.000306597,0.000870107,1.20E-31,7.11E-11,0.000332817,5.11E-14,5.08E-06
51,1.82E-05,0.000477117,2.40E-05,1.19E-05,7.55E-05,2.87E-05,0.001299953,0.001866738,3.73E-05,2.80E-20,0.000214027,0.003113288,0.000828417,1.45E-05,0.000287259,0.000788717,1.32E-32,3.14E-11,0.000298497,3.39E-14,4.62E-06
52,1.65E-05,0.000451066,2.19E-05,1.11E-05,7.24E-05,2.88E-05,0.001197709,0.001732431,2.51E-05,1.59E-19,0.000211708,0.002970096,0.000827669,1.20E-05,0.000270023,0.000700713,1.54E-33,1.41E-11,0.000267537,2.30E-14,5.18E-06
53,1.50E-05,0.000413576,1.94E-05,9.79E-06,7.01E-05,2.99E-05,0.001099752,0.001613374,1.68E-05,9.19E-19,0.000204623,0.002810297,0.000826958,9.36E-06,0.000251217,0.000644479,1.94E-34,6.51E-12,0.000239597,1.60E-14,5.04E-06
54,1.37E-05,0.000375133,1.82E-05,1.17E-05,6.80E-05,3.08E-05,0.001011039,0.001497191,1.08E-05,5.42E-18,0.000199788,0.002652092,0.000826281,7.88E-06,0.000227016,0.000591759,2.63E-35,3.08E-12,0.000214376,1.14E-14,4.89E-06
55,1.26E-05,0.000355967,1.57E-05,1.24E-05,6.60E-05,2.71E-05,0.000929922,0.001404056,7.30E-06,3.23E-17,0.000192468,0.002481785,0.000577584,6.81E-06,0.000203155,0.000533256,3.89E-36,1.51E-12,0.000191607,8.34E-15,5.18E-06
56,1.16E-05,0.000338221,1.23E-05,1.06E-05,6.21E-05,2.67E-05,0.00085685,0.001320783,4.59E-06,1.94E-16,0.00019052,0.002325978,0.000315242,6.21E-06,0.000189307,0.000486485,6.32E-37,7.61E-13,0.000171053,6.29E-15,5.43E-06
57,1.07E-05,0.000338092,1.11E-05,9.09E-06,5.83E-05,2.90E-05,0.000796284,0.001235186,3.07E-06,1.16E-15,0.000186574,0.002172931,0.000152518,5.22E-06,0.000180727,0.000443651,1.13E-37,3.99E-13,0.000152503,4.88E-15,5.51E-06
58,9.47E-06,0.00030445,9.17E-06,7.87E-06,5.56E-05,2.94E-05,0.000732733,0.001148588,2.10E-06,6.86E-15,0.000192056,0.002026022,7.28E-05,4.50E-06,0.000173925,0.000404447,2.26E-38,2.18E-13,0.000135767,3.90E-15,5.76E-06
59,8.30E-06,0.000265496,7.54E-06,8.03E-06,5.27E-05,3.15E-05,0.000678616,0.001087231,1.35E-06,4.01E-14,0.000188193,0.001889676,3.23E-05,3.75E-06,0.000165752,0.000368593,5.07E-39,1.24E-13,0.000120678,3.22E-15,6.46E-06
60,7.75E-06,0.00024299,6.01E-06,7.14E-06,5.08E-05,2.67E-05,0.00063362,0.001020536,8.30E-07,2.29E-13,0.000185328,0.001771691,1.57E-05,3.11E-06,0.000157144,0.000343084,1.28E-39,7.38E-14,0.000107082,2.74E-15,7.19E-06
61,6.47E-06,0.000199883,4.94E-06,7.19E-06,4.85E-05,2.50E-05,0.000587626,0.000958138,5.21E-07,1.28E-12,0.000185678,0.001648809,7.54E-06,2.64E-06,0.00014554,0.000322929,3.68E-40,4.62E-14,9.48E-05,2.42E-15,8.05E-06
62,5.40E-06,0.000161147,4.00E-06,1.00E-05,4.77E-05,2.51E-05,0.000551665,0.000911239,3.34E-07,6.87E-12,0.000184973,0.001533421,3.27E-06,2.46E-06,0.000124611,0.000305119,1.21E-40,3.04E-14,8.38E-05,2.20E-15,9.02E-06
63,4.51E-06,0.00014086,3.13E-06,1.09E-05,4.54E-05,2.29E-05,0.000519482,0.000853545,1.96E-07,3.55E-11,0.00018671,0.00143386,1.47E-06,2.25E-06,0.000123254,0.000286694,4.69E-41,2.12E-14,7.40E-05,2.08E-15,1.02E-05
64,3.78E-06,0.000114196,2.44E-06,1.03E-05,4.45E-05,1.95E-05,0.000485875,0.000811147,1.14E-07,1.76E-10,0.000190132,0.001329732,5.62E-07,1.96E-06,0.000116842,0.000266964,2.17E-41,1.57E-14,6.51E-05,2.04E-15,1.02E-05
65,3.18E-06,9.37E-05,1.91E-06,1.50E-05,4.24E-05,1.74E-05,0.000464235,0.000772096,6.17E-08,8.23E-10,0.00019476,0.001235329,1.86E-07,1.71E-06,0.000110008,0.000251646,1.22E-41,1.23E-14,5.72E-05,2.08E-15,1.06E-05
66,2.68E-06,7.90E-05,1.52E-06,1.69E-05,4.15E-05,1.58E-05,0.000436912,0.000741059,3.73E-08,3.64E-09,0.000200095,0.001153274,7.15E-08,1.76E-06,9.76E-05,0.00023748,8.28E-42,1.03E-14,5.01E-05,2.20E-15,1.09E-05
67,2.26E-06,5.79E-05,1.23E-06,1.90E-05,4.01E-05,1.49E-05,0.000411136,0.000705431,2.23E-08,1.51E-08,0.000202376,0.001073638,2.67E-08,1.60E-06,9.29E-05,0.000225079,6.10E-42,9.22E-15,4.37E-05,2.43E-15,1.16E-05
68,1.92E-06,4.11E-05,9.37E-07,1.61E-05,3.82E-05,1.27E-05,0.000393966,0.000680011,1.28E-08,5.80E-08,0.000213415,0.000983524,7.97E-09,1.57E-06,8.59E-05,0.000212949,5.03E-42,8.87E-15,3.81E-05,2.79E-15,1.30E-05
69,1.63E-06,3.13E-05,6.34E-07,2.09E-05,3.74E-05,1.13E-05,0.000380606,0.000656848,7.26E-09,2.07E-07,0.000225563,0.000897397,2.18E-09,1.44E-06,7.80E-05,0.000202514,4.47E-42,9.18E-15,3.31E-05,3.35E-15,1.47E-05
70,1.39E-06,2.37E-05,4.68E-07,2.43E-05,3.74E-05,1.01E-05,0.000367945,0.000629022,4.17E-09,6.78E-07,0.000233593,0.000839839,7.97E-10,1.49E-06,7.83E-05,0.000195153,4.40E-42,1.03E-14,2.87E-05,4.19E-15,1.61E-05
71,1.19E-06,1.60E-05,3.31E-07,2.67E-05,3.76E-05,8.25E-06,0.000356094,0.00060199,2.47E-09,2.03E-06,0.000243878,0.000776226,2.75E-10,1.42E-06,7.74E-05,0.000188749,4.80E-42,1.24E-14,2.47E-05,5.48E-15,1.63E-05
72,1.02E-06,1.15E-05,2.12E-07,2.58E-05,3.61E-05,6.18E-06,0.00034644,0.000576201,1.39E-09,5.52E-06,0.000245986,0.000719369,9.29E-11,1.24E-06,7.48E-05,0.000181265,5.87E-42,1.64E-14,2.13E-05,7.51E-15,1.64E-05
73,8.78E-07,8.49E-06,1.50E-07,1.93E-05,3.66E-05,4.94E-06,0.000333321,0.000553839,6.92E-10,1.35E-05,0.000251671,0.0006463,3.61E-11,1.43E-06,6.70E-05,0.000182733,7.87E-42,2.34E-14,1.83E-05,1.08E-14,1.89E-05
74,7.60E-07,5.96E-06,9.78E-08,1.48E-05,3.53E-05,3.55E-06,0.000318006,0.000530385,3.90E-10,2.98E-05,0.000262155,0.00059964,2.04E-11,1.40E-06,6.59E-05,0.000180168,1.20E-41,3.61E-14,1.56E-05,1.61E-14,2.18E-05
75,6.68E-07,3.97E-06,6.12E-08,1.70E-05,3.44E-05,2.41E-06,0.000314887,0.000511905,2.18E-10,2.83E-05,0.00026697,0.000558596,1.16E-11,1.35E-06,6.48E-05,0.000177378,2.03E-41,5.98E-14,1.33E-05,2.50E-14,2.23E-05
76,5.88E-07,2.76E-06,3.98E-08,1.60E-05,3.36E-05,1.56E-06,0.000309126,0.000494273,1.18E-10,2.85E-05,0.000267835,0.000520746,6.60E-12,1.35E-06,6.52E-05,0.000177954,3.62E-41,1.06E-13,1.14E-05,4.04E-14,2.72E-05
77,5.20E-07,1.93E-06,2.61E-08,1.27E-05,3.30E-05,1.01E-06,0.000302791,0.000486313,6.18E-11,3.90E-05,0.0002749,0.000484014,3.78E-12,1.35E-06,6.20E-05,0.000184074,7.00E-41,2.00E-13,9.65E-06,6.75E-14,3.23E-05
78,4.62E-07,1.25E-06,1.67E-08,1.29E-05,3.31E-05,6.36E-07,0.000301086,0.000473132,3.23E-11,3.32E-05,0.000283211,0.000451537,2.18E-12,1.34E-06,6.23E-05,0.000186121,1.47E-40,3.99E-13,8.19E-06,1.17E-13,3.68E-05
79,4.12E-07,7.80E-07,9.66E-09,1.17E-05,3.27E-05,4.21E-07,0.000301269,0.000469121,1.53E-11,2.97E-05,0.000300885,0.000432768,1.26E-12,1.31E-06,6.00E-05,0.000193681,3.60E-40,8.39E-13,6.94E-06,2.07E-13,3.75E-05
80,3.68E-07,5.25E-07,5.83E-09,1.16E-05,3.41E-05,2.62E-07,0.000296066,0.000467056,7.77E-12,2.53E-05,0.000309151,0.000415143,7.39E-13,1.38E-06,5.92E-05,0.000198652,9.80E-40,1.85E-12,5.88E-06,3.79E-13,3.73E-05
81,3.31E-07,2.96E-07,3.18E-09,6.35E-06,3.32E-05,1.52E-07,0.000295918,0.000464798,3.82E-12,1.08E-05,0.000327327,0.000384711,4.36E-13,1.54E-06,6.13E-05,0.00020901,2.72E-39,4.24E-12,4.98E-06,7.10E-13,4.82E-05
82,2.98E-07,1.84E-07,1.69E-09,5.20E-06,3.34E-05,7.99E-08,0.00029758,0.000460273,1.99E-12,9.24E-06,0.000338167,0.000362629,2.60E-13,1.68E-06,6.93E-05,0.000221299,7.56E-39,1.01E-11,4.22E-06,1.36E-12,5.58E-05
83,2.70E-07,1.23E-07,8.32E-10,4.83E-06,3.26E-05,4.00E-08,0.000298234,0.000458195,1.15E-12,1.01E-05,0.000343429,0.000356707,1.53E-13,1.97E-06,7.55E-05,0.000232364,2.22E-38,2.48E-11,3.57E-06,2.66E-12,6.34E-05
84,2.45E-07,8.13E-08,4.40E-10,4.59E-06,3.23E-05,1.99E-08,0.00030149,0.00045762,6.24E-13,1.27E-05,0.000355568,0.000344828,8.96E-14,2.27E-06,7.64E-05,0.000251212,5.56E-38,6.26E-11,3.03E-06,5.28E-12,6.74E-05
85,2.24E-07,4.98E-08,2.10E-10,4.84E-06,3.13E-05,9.41E-09,0.000307385,0.000457729,3.34E-13,1.06E-05,0.000381424,0.000316048,5.34E-14,2.43E-06,7.63E-05,0.000269963,1.82E-37,1.61E-10,2.57E-06,1.06E-11,8.31E-05
86,2.81E-07,3.27E-08,9.77E-11,3.06E-06,3.14E-05,4.46E-09,0.00031092,0.000463298,1.68E-13,8.74E-06,0.000410402,0.000299865,3.27E-14,2.66E-06,8.24E-05,0.00028524,6.10E-37,4.23E-10,2.23E-06,2.17E-11,9.66E-05
87,3.94E-07,1.73E-08,5.15E-11,2.01E-06,3.01E-05,2.09E-09,0.000315161,0.00046655,8.01E-14,4.04E-06,0.000420947,0.000284315,2.06E-14,3.36E-06,8.83E-05,0.000311606,2.13E-36,1.12E-09,2.22E-06,4.48E-11,9.92E-05
88,5.63E-07,8.54E-09,2.72E-11,1.28E-06,2.99E-05,9.05E-10,0.000318846,0.000471679,3.82E-14,2.51E-06,0.000433331,0.00026382,1.33E-14,3.72E-06,9.29E-05,0.00034817,7.72E-36,2.98E-09,2.22E-06,9.29E-11,0.00011634
89,8.18E-07,4.68E-09,1.32E-11,7.61E-07,3.00E-05,4.28E-10,0.000325416,0.000489479,1.89E-14,9.31E-07,0.000462405,0.000250762,8.65E-15,4.05E-06,0.000107278,0.000384411,2.94E-35,7.28E-09,2.23E-06,1.94E-10,0.000104244
90,1.21E-06,2.62E-09,6.30E-12,7.96E-07,2.88E-05,1.73E-10,0.000333446,0.00049029,1.00E-14,3.26E-07,0.00047197,0.000230086,5.63E-15,4.66E-06,0.000121539,0.000408357,1.19E-34,4.47E-09,2.24E-06,4.05E-10,0.000105847
91,1.34E-06,1.46E-09,2.97E-12,4.46E-07,2.80E-05,6.86E-11,0.000338972,0.000498884,5.37E-15,2.31E-07,0.000497831,0.000221388,3.67E-15,5.28E-06,0.000125003,0.000439441,4.98E-34,1.04E-08,2.26E-06,8.45E-10,0.000123449
92,1.23E-06,8.21E-10,1.41E-12,2.47E-07,2.78E-05,2.78E-11,0.000356237,0.000502288,2.68E-15,9.09E-08,0.000541781,0.0002098,2.42E-15,6.36E-06,0.00014452,0.00048815,2.14E-33,2.81E-08,2.29E-06,1.76E-09,0.000147376
93,1.13E-06,3.76E-10,7.06E-13,7.88E-08,2.84E-05,1.03E-11,0.000366455,0.000508598,1.29E-15,6.19E-08,0.000594671,0.000201151,1.61E-15,7.65E-06,0.000156658,0.000522211,1.02E-32,7.48E-08,2.33E-06,3.64E-09,0.000161645
94,1.03E-06,2.38E-10,3.46E-13,4.53E-08,2.91E-05,3.32E-12,0.000381552,0.000516065,5.35E-16,2.58E-07,0.000609273,0.000189202,1.08E-15,9.46E-06,0.000154871,0.000568623,4.49E-32,1.95E-07,2.37E-06,7.47E-09,0.000165547
95,9.41E-07,1.57E-10,1.60E-13,1.45E-08,2.96E-05,1.14E-12,0.000393558,0.000523006,2.81E-16,2.05E-07,0.000605972,0.000173799,7.32E-16,1.05E-05,0.000159311,0.000618918,1.89E-31,4.95E-07,2.42E-06,1.52E-08,0.000169158
96,8.54E-07,6.80E-11,6.11E-14,1.54E-08,2.93E-05,4.28E-13,0.000409077,0.000528753,1.64E-16,1.12E-07,0.00063596,0.00016493,3.54E-16,1.19E-05,0.000187679,0.000657577,7.95E-31,1.22E-06,2.48E-06,3.04E-08,0.0001624
97,7.73E-07,2.65E-11,2.44E-14,6.83E-09,2.95E-05,1.45E-13,0.000420052,0.000538516,7.10E-17,6.39E-08,0.000653818,0.000159096,2.28E-16,1.31E-05,0.000197595,0.000679889,3.34E-30,2.89E-06,2.54E-06,6.00E-08,0.000167232
98,6.96E-07,1.27E-11,9.74E-15,4.52E-09,2.71E-05,4.56E-14,0.000431085,0.000551209,3.82E-17,3.33E-08,0.00066845,0.000152016,1.60E-16,1.45E-05,0.000206929,0.000713606,1.39E-29,6.60E-06,2.61E-06,1.16E-07,0.000166012
99,6.25E-07,7.11E-12,4.02E-15,4.41E-09,2.68E-05,1.41E-14,0.000442569,0.000554153,1.66E-17,1.12E-08,0.000707305,0.000144749,1.13E-16,1.56E-05,0.000220303,0.000733222,5.81E-29,1.44E-05,2.68E-06,2.20E-07,0.000144316
100,5.58E-07,3.97E-12,1.59E-15,2.97E-09,2.64E-05,4.56E-15,0.000455946,0.000559815,1.07E-17,1.52E-08,0.000721269,0.000137471,7.74E-17,1.64E-05,0.000206277,0.000755845,2.49E-28,2.98E-05,2.76E-06,4.09E-07,0.000113658
101,4.96E-07,2.21E-12,5.95E-16,2.69E-09,2.61E-05,1.46E-15,0.000472263,0.000569523,5.74E-18,1.09E-08,0.000770696,0.000132222,5.33E-17,1.79E-05,0.00020753,0.000785805,1.05E-27,6.37E-05,2.85E-06,7.38E-07,9.81E-05
102,4.39E-07,1.30E-12,2.24E-16,9.21E-10,2.56E-05,4.37E-16,0.000490088,0.000572962,3.56E-18,9.18E-09,0.000799608,0.000127073,3.70E-17,1.80E-05,0.000209747,0.000787292,4.31E-27,0.000136936,2.94E-06,1.30E-06,8.74E-05
103,3.86E-07,7.24E-13,7.42E-17,5.62E-10,2.38E-05,1.28E-16,0.00050723,0.000574646,1.46E-18,6.86E-09,0.000835385,0.000121113,2.59E-17,1.89E-05,0.000202721,0.000787797,1.70E-26,0.00027097,3.03E-06,1.05E-06,7.60E-05
104,3.38E-07,3.98E-13,2.83E-17,2.71E-10,2.21E-05,3.68E-17,0.000529896,0.000575667,7.84E-19,5.33E-09,0.000836869,0.000117825,1.82E-17,1.90E-05,0.000192266,0.000788543,6.90E-26,0.00049371,3.13E-06,5.28E-07,6.05E-05
105,2.94E-07,2.03E-13,1.12E-17,6.34E-11,2.16E-05,1.04E-17,0.00055147,0.000576713,5.43E-19,4.28E-09,0.000857032,0.000113727,1.29E-17,1.88E-05,0.000172444,0.000783064,2.62E-25,0.000828925,3.24E-06,2.57E-07,4.75E-05
106,2.54E-07,9.46E-14,4.40E-18,1.78E-11,2.17E-05,2.86E-18,0.000571422,0.000576808,3.72E-19,3.57E-09,0.000895945,0.000110674,9.21E-18,2.03E-05,0.000152063,0.000779591,9.14E-25,0.001283514,3.35E-06,1.20E-07,3.51E-05
107,2.18E-07,4.15E-14,1.70E-18,3.44E-12,2.04E-05,7.74E-19,0.000599198,0.000576287,1.67E-19,3.07E-09,0.000915647,0.000106884,2.71E-18,2.02E-05,0.000136326,0.000777628,3.11E-24,0.001619348,3.47E-06,5.43E-08,2.99E-05
108,1.86E-07,1.41E-14,6.46E-19,9.69E-13,1.97E-05,2.05E-19,0.000615908,0.00057425,7.00E-20,2.31E-09,0.000916464,0.000103844,2.06E-18,2.03E-05,0.000117316,0.000775657,1.17E-23,0.001867796,3.59E-06,2.37E-08,1.98E-05
109,1.57E-07,2.85E-15,2.25E-19,2.96E-13,1.83E-05,5.61E-20,0.000639744,0.000573839,3.57E-20,2.12E-09,0.000908463,0.000102228,2.99E-18,1.66E-05,0.000101022,0.000773679,4.21E-23,0.002023682,3.72E-06,9.98E-09,1.50E-05
110,1.32E-07,1.41E-15,8.36E-20,7.45E-13,1.62E-05,1.64E-20,0.000660711,0.000570785,1.95E-20,1.99E-09,0.000872512,0.000101755,4.09E-18,1.57E-05,9.03E-05,0.000771699,1.42E-22,0.002061104,3.85E-06,4.06E-09,8.98E-06
111,1.10E-07,4.99E-16,3.06E-20,1.94E-13,1.39E-05,4.41E-21,0.000674993,0.000561081,1.07E-20,1.92E-09,0.000865717,0.000100958,5.62E-18,1.57E-05,7.60E-05,0.000762652,4.91E-22,0.001861291,3.94E-06,1.60E-09,6.67E-06
112,9.15E-08,2.18E-16,1.11E-20,3.81E-14,1.30E-05,1.13E-21,0.000695366,0.000559665,6.40E-21,1.90E-09,0.000835781,9.80E-05,7.21E-18,1.37E-05,6.37E-05,0.000750196,1.54E-21,0.001729071,3.78E-06,6.11E-10,3.75E-06
113,7.51E-08,7.88E-17,3.97E-21,7.69E-14,9.97E-06,2.79E-22,0.00071265,0.000557913,5.46E-21,1.92E-09,0.000817265,9.55E-05,5.39E-18,1.24E-05,5.30E-05,0.000708787,4.97E-21,0.001513753,3.63E-06,2.26E-10,1.72E-06
114,6.12E-08,3.58E-17,1.41E-21,8.97E-15,8.43E-06,6.83E-23,0.000723915,0.000554753,2.92E-21,1.98E-09,0.00079067,9.36E-05,4.14E-18,1.17E-05,4.38E-05,0.000666507,1.61E-20,0.001212844,3.48E-06,8.11E-11,8.15E-07
115,4.94E-08,1.34E-17,4.46E-22,1.42E-15,7.52E-06,1.62E-23,0.000740814,0.000546263,1.49E-21,2.09E-09,0.000768198,9.15E-05,4.31E-18,9.62E-06,3.58E-05,0.000611683,4.73E-20,0.000916868,3.35E-06,2.83E-11,3.95E-07
116,3.96E-08,3.65E-18,1.55E-22,2.40E-16,6.93E-06,3.81E-24,0.000756755,0.000535878,7.43E-22,1.63E-09,0.000729487,8.98E-05,3.50E-18,7.74E-06,2.89E-05,0.000557588,1.40E-19,0.000654457,3.22E-06,9.59E-12,2.33E-07
117,3.14E-08,1.45E-18,4.84E-23,1.02E-16,6.23E-06,8.82E-25,0.000778363,0.000528085,3.56E-22,1.33E-09,0.000690125,8.69E-05,3.67E-18,6.35E-06,2.36E-05,0.000485698,4.42E-19,0.000441418,3.10E-06,3.16E-12,1.14E-07
118,2.47E-08,4.47E-19,1.38E-23,4.29E-17,5.51E-06,1.96E-25,0.000788736,0.000528558,1.72E-22,1.03E-09,0.000652996,8.60E-05,5.82E-18,4.65E-06,1.97E-05,0.000425804,1.35E-18,0.000281536,2.99E-06,1.02E-12,6.78E-08
119,2.05E-08,1.49E-19,4.47E-24,1.42E-17,4.82E-06,4.42E-26,0.000795959,0.000522782,8.29E-23,2.85E-10,0.000616328,8.64E-05,7.77E-18,4.11E-06,1.56E-05,0.000357702,3.93E-18,0.000169924,2.88E-06,3.18E-13,2.91E-08
120,1.73E-08,5.74E-20,1.50E-24,5.58E-18,4.19E-06,9.85E-27,0.000807403,0.000515271,4.60E-23,1.07E-10,0.000588415,8.59E-05,1.19E-17,3.57E-06,1.24E-05,0.000309536,1.10E-17,9.71E-05,2.78E-06,9.70E-14,1.26E-08
121,1.33E-08,1.81E-20,4.98E-25,2.20E-18,3.57E-06,1.97E-27,0.000812861,0.0005058,2.82E-23,2.98E-11,0.000556909,8.45E-05,1.52E-17,2.94E-06,9.89E-06,0.000258252,2.95E-17,5.26E-05,2.68E-06,2.89E-14,5.01E-09
122,1.10E-08,8.54E-21,1.65E-25,8.70E-19,3.07E-06,3.95E-28,0.000810536,0.000497373,1.52E-23,6.53E-12,0.000519261,8.34E-05,2.84E-17,2.28E-06,8.55E-06,0.000208161,7.49E-17,3.01E-05,2.59E-06,8.42E-15,1.88E-09
123,9.67E-09,2.97E-21,5.40E-26,5.43E-19,2.55E-06,9.32E-29,0.000813246,0.000488605,1.02E-23,1.35E-12,0.000485153,8.29E-05,3.61E-17,1.76E-06,6.76E-06,0.000167855,1.97E-16,1.75E-05,2.50E-06,2.40E-15,6.80E-10
124,8.29E-09,5.32E-22,1.59E-26,2.25E-19,1.98E-06,2.00E-29,0.000801486,0.000474266,7.49E-24,2.67E-13,0.000444674,8.30E-05,4.78E-17,1.25E-06,5.12E-06,0.000152177,4.60E-16,8.15E-06,2.42E-06,6.70E-16,2.17E-10
125,6.79E-09,1.14E-22,4.46E-27,9.30E-20,1.75E-06,4.63E-30,0.000798439,0.000472623,4.48E-24,4.99E-14,0.000409542,7.82E-05,1.00E-16,9.79E-07,4.07E-06,0.000120648,1.02E-15,3.16E-06,2.34E-06,1.83E-16,8.14E-11
126,5.53E-09,4.97E-23,1.21E-27,3.61E-20,1.30E-06,9.74E-31,0.000777801,0.000464214,2.18E-24,8.91E-15,0.000379849,7.58E-05,1.02E-16,8.79E-07,3.22E-06,9.67E-05,2.23E-15,1.15E-06,2.26E-06,4.91E-17,3.09E-11
127,4.34E-09,1.59E-23,2.34E-28,1.11E-20,9.52E-07,1.95E-31,0.000763385,0.000455418,1.13E-24,1.52E-15,0.000349194,7.44E-05,1.22E-16,7.32E-07,2.36E-06,8.27E-05,4.89E-15,4.49E-07,2.19E-06,1.29E-17,1.00E-11
128,3.07E-09,4.44E-24,4.52E-29,3.65E-21,7.12E-07,3.92E-32,0.000735774,0.000449839,5.92E-25,2.48E-16,0.000310591,7.37E-05,1.63E-16,5.52E-07,1.70E-06,6.77E-05,1.11E-14,1.70E-07,2.12E-06,3.34E-18,3.24E-12
129,2.15E-09,1.83E-24,8.74E-30,1.46E-21,4.96E-07,8.12E-33,0.000703367,0.000440417,2.92E-25,4.05E-17,0.000287039,7.31E-05,1.95E-16,3.77E-07,1.25E-06,5.74E-05,2.29E-14,6.17E-08,2.06E-06,8.49E-19,1.09E-12
130,1.54E-09,8.06E-25,1.69E-30,5.93E-22,3.36E-07,1.49E-33,0.000669901,0.000429649,1.46E-25,5.61E-18,0.0002613,7.42E-05,1.48E-16,2.31E-07,9.69E-07,4.98E-05,4.93E-14,2.13E-08,2.00E-06,2.12E-19,3.18E-13
131,1.02E-09,3.54E-25,3.30E-31,2.42E-22,2.66E-07,3.43E-34,0.000640436,0.00041768,7.93E-26,7.54E-19,0.000233299,7.24E-05,1.45E-16,1.43E-07,7.92E-07,3.99E-05,1.01E-13,7.03E-09,1.94E-06,5.24E-20,9.63E-14
132,7.73E-10,1.08E-25,6.48E-32,9.86E-23,2.17E-07,7.00E-35,0.000613923,0.00040787,3.99E-26,9.85E-20,0.000209355,7.18E-05,2.40E-16,1.02E-07,6.19E-07,3.30E-05,1.97E-13,2.21E-09,1.88E-06,1.27E-20,3.02E-14
133,5.24E-10,4.35E-26,1.31E-32,4.03E-23,1.78E-07,1.42E-35,0.000577394,0.000392299,2.16E-26,1.26E-20,0.000188377,7.08E-05,4.57E-16,7.15E-08,4.68E-07,2.84E-05,3.97E-13,6.67E-10,1.83E-06,3.06E-21,1.20E-14
134,3.52E-10,1.86E-26,3.10E-33,1.65E-23,1.43E-07,2.62E-36,0.000531404,0.000382581,1.34E-26,1.57E-21,0.000163975,7.04E-05,5.71E-16,4.69E-08,3.35E-07,2.59E-05,7.67E-13,1.92E-10,1.78E-06,7.24E-22,2.47E-15
135,2.34E-10,8.00E-27,7.48E-34,6.78E-24,1.14E-07,5.33E-37,0.00049559,0.000369947,1.35E-26,1.92E-22,0.000151008,7.16E-05,7.83E-16,3.05E-08,2.45E-07,2.08E-05,1.60E-12,5.31E-11,1.73E-06,1.70E-22,1.14E-15
136,1.54E-10,3.06E-27,1.84E-34,2.79E-24,8.29E-08,1.08E-37,0.000464325,0.000356829,7.63E-27,2.30E-23,0.000130456,7.22E-05,7.95E-16,1.94E-08,1.94E-07,1.73E-05,2.99E-12,1.40E-11,1.69E-06,3.93E-23,3.42E-16
137,1.00E-10,1.40E-27,4.61E-35,1.09E-24,6.08E-08,2.16E-38,0.000430436,0.000348969,4.38E-27,2.71E-24,0.000120174,7.22E-05,8.77E-16,1.17E-08,1.53E-07,1.44E-05,5.56E-12,3.56E-12,1.64E-06,9.03E-24,1.32E-16
138,6.48E-11,6.13E-28,1.18E-35,1.16E-25,5.18E-08,3.94E-39,0.000391923,0.000339179,3.27E-27,3.14E-25,0.000106981,7.24E-05,1.28E-15,6.75E-09,1.19E-07,1.14E-05,9.58E-12,8.68E-13,1.60E-06,2.06E-24,3.35E-17
139,4.13E-11,1.83E-28,3.09E-36,1.25E-26,4.14E-08,7.98E-40,0.000351632,0.000327138,2.03E-27,3.58E-26,8.81E-05,7.13E-05,2.26E-15,3.94E-09,8.30E-08,8.89E-06,1.62E-11,2.03E-13,1.56E-06,4.64E-25,6.99E-18
140,2.42E-11,7.23E-29,8.23E-37,1.55E-27,3.14E-08,1.62E-40,0.000319713,0.000316556,8.01E-28,6.35E-27,7.99E-05,7.07E-05,4.55E-15,2.09E-09,5.99E-08,7.68E-06,2.77E-11,4.56E-14,1.52E-06,1.04E-25,1.87E-18
141,1.40E-11,3.30E-29,2.23E-37,3.63E-28,2.50E-08,2.98E-41,0.000300797,0.000308898,2.92E-28,6.91E-28,7.25E-05,7.06E-05,7.54E-15,1.01E-09,4.77E-08,6.72E-06,4.54E-11,3.12E-14,1.49E-06,2.32E-26,4.61E-19
142,8.64E-12,1.28E-29,6.14E-38,1.18E-28,1.99E-08,4.98E-42,0.000269243,0.000302,1.07E-28,7.32E-29,6.21E-05,6.94E-05,1.38E-14,4.79E-10,3.47E-08,4.91E-06,7.45E-11,3.16E-14,1.45E-06,5.14E-27,1.36E-19
143,5.27E-12,5.14E-30,1.76E-38,3.85E-29,1.56E-08,9.66E-43,0.000243857,0.000290862,5.00E-29,7.56E-30,5.30E-05,6.79E-05,2.77E-14,2.22E-10,2.71E-08,3.91E-06,1.34E-10,1.91E-14,1.42E-06,1.14E-27,3.10E-20
144,3.17E-12,2.12E-30,5.08E-39,1.25E-29,1.13E-08,2.09E-43,0.000217735,0.000279876,3.82E-29,7.59E-31,4.46E-05,6.64E-05,4.21E-14,1.11E-10,1.98E-08,3.05E-06,2.25E-10,4.08E-15,1.38E-06,2.50E-28,6.97E-21
145,1.89E-12,6.74E-31,1.48E-39,4.07E-30,8.20E-09,4.20E-44,0.000192659,0.000268871,2.63E-29,7.44E-32,3.68E-05,6.62E-05,5.09E-14,4.94E-11,1.47E-08,2.22E-06,3.19E-10,8.40E-16,1.35E-06,5.49E-29,1.54E-21
146,1.12E-12,1.60E-31,4.31E-40,1.23E-30,6.16E-09,8.91E-45,0.00017517,0.000255849,1.05E-29,7.10E-33,3.06E-05,6.57E-05,4.91E-14,2.59E-11,1.06E-08,1.62E-06,4.88E-10,1.66E-16,1.32E-06,1.20E-29,4.76E-22
147,6.51E-13,3.02E-32,1.26E-40,2.75E-31,4.76E-09,1.59E-45,0.000154724,0.000246974,4.20E-30,6.61E-34,2.47E-05,6.42E-05,9.00E-14,1.21E-11,7.46E-09,1.14E-06,7.34E-10,3.17E-17,1.30E-06,2.63E-30,1.52E-22
148,3.75E-13,6.76E-33,3.73E-41,2.89E-32,4.10E-09,3.34E-46,0.000132805,0.000235313,1.90E-30,6.00E-35,1.98E-05,6.25E-05,1.18E-13,6.39E-12,5.52E-09,8.42E-07,9.80E-10,5.82E-18,1.27E-06,5.77E-31,4.81E-23
149,2.14E-13,2.18E-33,1.11E-41,1.85E-33,3.57E-09,6.46E-47,0.000115924,0.000225828,1.04E-30,5.31E-36,1.66E-05,6.37E-05,1.16E-13,3.05E-12,3.67E-09,6.59E-07,1.59E-09,1.03E-18,1.24E-06,1.26E-31,1.12E-23
150,1.21E-13,8.30E-34,3.30E-42,2.88E-33,2.84E-09,1.51E-47,0.000100235,0.000219462,8.47E-31,5.06E-37,1.43E-05,6.35E-05,1.74E-13,1.47E-12,2.69E-09,5.11E-07,2.40E-09,1.75E-19,1.22E-06,2.78E-32,1.80E-24
151,6.74E-14,2.92E-34,9.90E-43,1.21E-34,2.17E-09,2.93E-48,8.70E-05,0.000207981,6.58E-31,4.78E-38,1.11E-05,6.31E-05,2.10E-13,7.30E-13,1.96E-09,3.55E-07,3.58E-09,2.89E-20,1.19E-06,6.12E-33,4.23E-25
152,3.72E-14,9.90E-35,2.99E-43,4.41E-36,1.77E-09,5.57E-49,7.54E-05,0.000198133,2.78E-31,4.46E-39,8.89E-06,6.32E-05,2.10E-13,4.24E-13,1.38E-09,2.60E-07,5.00E-09,4.58E-21,1.17E-06,1.35E-33,1.21E-25
153,2.03E-14,3.44E-35,9.12E-44,1.70E-37,1.44E-09,1.10E-49,6.25E-05,0.00019085,9.82E-32,4.10E-40,7.20E-06,6.32E-05,3.25E-13,2.14E-13,9.65E-10,2.24E-07,6.96E-09,7.02E-22,1.15E-06,3.01E-34,3.46E-26
154,6.72E-15,1.24E-35,2.42E-44,5.18E-39,1.18E-09,2.16E-50,5.71E-05,0.000183451,3.70E-32,3.72E-41,5.83E-06,6.14E-05,3.52E-13,1.17E-13,6.73E-10,1.88E-07,1.03E-08,1.04E-22,1.24E-06,6.72E-35,9.83E-27
155,1.14E-15,4.69E-36,6.20E-45,1.10E-40,9.59E-10,4.70E-51,5.06E-05,0.000173758,1.34E-32,9.84E-42,4.80E-06,6.29E-05,3.78E-13,4.58E-14,4.37E-10,1.74E-07,1.40E-08,1.49E-23,1.36E-06,1.51E-35,1.59E-27
156,5.17E-16,1.86E-36,1.62E-45,2.23E-42,7.80E-10,9.75E-52,4.20E-05,0.000165051,5.46E-33,1.23E-41,4.04E-06,6.28E-05,5.04E-13,2.77E-14,2.92E-10,1.34E-07,1.90E-08,2.06E-24,1.51E-06,3.42E-36,3.58E-28
157,2.31E-16,4.39E-37,4.29E-46,1.53E-43,6.11E-10,2.14E-52,3.68E-05,0.000157026,2.56E-33,1.53E-41,3.11E-06,6.28E-05,4.76E-13,1.29E-14,2.11E-10,9.43E-08,2.64E-08,2.77E-25,1.66E-06,7.81E-37,8.07E-29
158,1.02E-16,1.35E-37,1.16E-46,3.05E-44,4.69E-10,4.88E-53,3.21E-05,0.000149418,1.03E-33,1.90E-41,2.51E-06,6.20E-05,8.80E-13,7.12E-15,1.61E-10,6.80E-08,3.59E-08,3.59E-26,1.84E-06,1.80E-37,1.82E-29
159,4.40E-17,5.34E-38,3.19E-47,7.39E-46,3.62E-10,1.13E-53,2.72E-05,0.000142416,3.29E-34,2.34E-41,2.08E-06,6.26E-05,1.10E-12,3.79E-15,1.14E-10,5.19E-08,4.79E-08,4.52E-27,2.03E-06,4.17E-38,4.09E-30
160,1.92E-17,2.24E-38,8.97E-48,1.22E-47,2.79E-10,2.41E-54,2.28E-05,0.000136467,1.75E-34,4.20E-42,1.83E-06,6.24E-05,1.31E-12,2.58E-15,7.83E-11,3.99E-08,5.98E-08,5.51E-28,2.24E-06,9.75E-39,9.22E-31
161,8.95E-18,9.84E-39,2.57E-48,2.44E-49,2.16E-10,5.00E-55,1.98E-05,0.000129717,7.24E-35,4.09E-43,1.49E-06,6.15E-05,2.03E-12,1.37E-15,5.87E-11,3.25E-08,8.09E-08,6.52E-29,2.47E-06,2.30E-39,2.08E-31
162,4.15E-18,4.51E-39,7.54E-49,3.02E-50,1.70E-10,1.13E-55,1.66E-05,0.00012266,3.33E-35,3.91E-44,1.15E-06,6.01E-05,2.92E-12,7.50E-16,4.34E-11,2.26E-08,9.96E-08,7.49E-30,2.72E-06,5.48E-40,4.51E-32
163,1.56E-18,2.19E-39,1.87E-49,1.08E-50,1.27E-10,2.24E-56,1.43E-05,0.000116317,7.58E-36,4.67E-44,9.05E-07,5.88E-05,4.28E-12,4.49E-16,3.16E-11,1.49E-08,1.33E-07,8.35E-31,3.00E-06,1.32E-40,9.53E-33
164,5.63E-19,3.77E-40,4.07E-50,4.17E-51,9.48E-11,3.81E-57,1.18E-05,0.00010981,2.50E-36,5.72E-44,7.10E-07,5.91E-05,7.05E-12,2.26E-16,2.19E-11,1.25E-08,1.77E-07,9.05E-32,3.31E-06,3.20E-41,2.02E-33
165,2.02E-19,1.10E-40,1.02E-50,1.69E-52,7.49E-11,7.57E-58,9.93E-06,0.000104322,1.19E-36,6.97E-44,5.68E-07,5.73E-05,8.58E-12,1.09E-16,1.52E-11,8.89E-09,2.38E-07,9.53E-33,3.64E-06,7.84E-42,4.31E-34
166,7.74E-20,5.57E-41,2.82E-51,5.62E-54,5.95E-11,1.21E-58,8.26E-06,9.74E-05,8.11E-37,8.46E-44,4.57E-07,5.58E-05,1.25E-11,5.28E-17,1.04E-11,5.95E-09,2.82E-07,9.76E-34,4.01E-06,1.94E-42,9.24E-35
167,2.92E-20,2.35E-41,8.15E-52,1.78E-55,4.76E-11,2.31E-59,6.97E-06,9.08E-05,1.73E-37,1.02E-43,3.52E-07,5.68E-05,1.85E-11,3.06E-17,7.36E-12,4.01E-09,3.32E-07,9.73E-35,4.40E-06,4.86E-43,2.25E-35
168,1.08E-20,9.28E-42,2.42E-52,3.96E-57,2.72E-11,4.07E-60,5.66E-06,8.55E-05,4.41E-38,1.23E-43,2.56E-07,5.76E-05,2.64E-11,1.48E-17,5.17E-12,2.84E-09,3.88E-07,9.45E-36,4.83E-06,1.23E-43,7.09E-36
169,3.93E-21,3.54E-42,7.27E-53,5.55E-59,1.81E-11,8.46E-61,4.51E-06,8.04E-05,1.31E-38,1.48E-43,2.13E-07,5.73E-05,3.66E-11,7.03E-18,3.45E-12,2.01E-09,4.36E-07,8.94E-37,5.30E-06,3.15E-44,1.68E-36
170,1.40E-21,4.96E-43,2.22E-53,2.97E-60,1.43E-11,1.34E-61,3.92E-06,7.74E-05,3.05E-39,1.78E-43,1.84E-07,5.64E-05,6.03E-11,3.64E-18,2.52E-12,1.68E-09,5.11E-07,8.24E-38,5.64E-06,8.15E-45,4.93E-37
171,4.91E-22,7.04E-44,6.92E-54,8.20E-62,1.11E-11,1.96E-62,3.21E-06,7.14E-05,1.50E-39,2.13E-43,1.47E-07,5.69E-05,9.07E-11,1.83E-18,2.02E-12,1.20E-09,5.97E-07,7.41E-39,5.32E-06,2.14E-45,1.27E-37
172,1.69E-22,1.03E-44,2.19E-54,1.88E-63,8.27E-12,2.76E-63,2.61E-06,6.78E-05,1.10E-39,2.53E-43,1.18E-07,5.60E-05,1.47E-10,8.52E-19,1.52E-12,6.67E-10,6.39E-07,6.51E-40,5.02E-06,7.69E-46,3.37E-38
173,5.71E-23,1.60E-45,7.03E-55,3.86E-65,6.18E-12,4.93E-64,2.09E-06,6.40E-05,3.34E-40,3.01E-43,9.23E-08,5.38E-05,1.83E-10,4.20E-19,1.08E-12,4.77E-10,7.44E-07,5.58E-41,4.74E-06,9.31E-46,8.27E-39
174,1.89E-23,3.78E-46,2.30E-55,4.00E-66,4.08E-12,1.22E-64,1.65E-06,6.04E-05,1.45E-40,3.58E-43,7.19E-08,5.18E-05,2.24E-10,2.05E-19,8.94E-13,3.04E-10,8.28E-07,4.67E-42,4.47E-06,1.13E-45,1.82E-39
175,6.16E-24,1.10E-46,7.66E-56,9.44E-67,3.26E-12,1.88E-65,1.35E-06,5.63E-05,3.34E-41,4.23E-43,5.17E-08,5.02E-05,3.19E-10,9.59E-20,7.18E-13,2.15E-10,9.34E-07,3.83E-43,4.23E-06,1.38E-45,3.70E-40
176,1.97E-24,4.93E-47,1.42E-56,1.23E-67,2.79E-12,2.01E-66,1.03E-06,5.32E-05,7.54E-42,5.01E-43,3.80E-08,4.93E-05,3.33E-10,4.45E-20,5.47E-13,1.24E-10,1.01E-06,3.06E-44,3.99E-06,1.69E-45,9.46E-41
177,6.15E-25,2.45E-47,2.59E-57,6.40E-69,2.33E-12,3.84E-67,7.77E-07,5.02E-05,2.74E-42,5.91E-43,3.10E-08,4.90E-05,3.65E-10,1.64E-20,4.01E-13,7.48E-11,1.13E-06,2.39E-45,3.78E-06,2.08E-45,1.82E-41
178,1.89E-25,1.29E-47,4.73E-58,3.23E-70,1.89E-12,5.34E-68,6.08E-07,4.72E-05,1.46E-42,6.96E-43,2.61E-08,4.76E-05,5.24E-10,5.95E-21,2.93E-13,5.11E-11,1.22E-06,1.83E-46,3.57E-06,2.58E-45,3.81E-42
179,5.69E-26,7.03E-48,8.75E-59,1.57E-71,1.55E-12,6.16E-69,4.68E-07,4.52E-05,1.06E-42,8.19E-43,1.98E-08,4.67E-05,6.89E-10,2.54E-21,2.21E-13,3.53E-11,1.32E-06,1.36E-47,3.38E-06,3.20E-45,9.68E-43
180,1.68E-26,2.87E-48,1.68E-59,7.40E-73,1.27E-12,9.94E-70,3.53E-07,4.29E-05,2.32E-43,9.63E-43,1.42E-08,4.41E-05,1.17E-09,1.20E-21,1.71E-13,2.26E-11,1.30E-06,9.95E-49,3.20E-06,4.00E-45,2.57E-43
181,4.87E-27,3.35E-49,3.45E-60,3.36E-74,1.05E-12,1.43E-70,2.85E-07,4.11E-05,8.46E-44,1.13E-42,1.14E-08,4.22E-05,1.27E-09,6.61E-22,1.35E-13,1.34E-11,1.34E-06,7.09E-50,3.04E-06,5.01E-45,6.24E-44
182,1.38E-27,3.72E-50,8.05E-61,1.48E-75,8.71E-13,2.77E-71,2.21E-07,3.91E-05,7.47E-44,1.33E-42,9.12E-09,4.02E-05,1.98E-09,3.84E-22,1.03E-13,7.97E-12,1.49E-06,4.93E-51,2.88E-06,6.31E-45,1.65E-44
183,3.85E-28,3.41E-51,2.86E-61,6.30E-77,7.28E-13,4.27E-72,1.63E-07,3.72E-05,4.50E-44,1.56E-42,7.15E-09,3.87E-05,2.73E-09,1.79E-22,7.71E-14,5.41E-12,1.62E-06,3.35E-52,2.73E-06,7.99E-45,4.90E-45
184,1.05E-28,6.29E-52,1.18E-61,2.63E-78,5.95E-13,8.11E-73,1.24E-07,3.58E-05,1.36E-44,1.83E-42,5.09E-09,3.72E-05,2.58E-09,9.14E-23,6.03E-14,3.68E-12,1.71E-06,2.23E-53,2.59E-06,1.02E-44,1.46E-45
185,2.80E-29,9.92E-53,4.96E-62,3.78E-80,4.40E-13,1.65E-73,9.20E-08,3.36E-05,4.05E-45,2.14E-42,3.79E-09,3.58E-05,2.35E-09,4.99E-23,4.31E-14,3.03E-12,1.82E-06,1.44E-54,2.46E-06,1.30E-44,4.61E-46
186,7.34E-30,1.90E-53,2.13E-62,1.41E-81,2.81E-13,4.76E-74,7.87E-08,3.15E-05,9.89E-46,2.52E-42,2.86E-09,3.51E-05,3.11E-09,2.96E-23,2.95E-14,1.87E-12,1.95E-06,9.14E-56,2.34E-06,1.67E-44,2.18E-46
187,1.88E-30,4.28E-54,9.31E-63,1.46E-82,2.35E-13,1.43E-74,6.02E-08,3.00E-05,2.36E-46,2.95E-42,2.23E-09,3.28E-05,3.94E-09,1.92E-23,2.04E-14,1.09E-12,2.12E-06,5.65E-57,2.23E-06,2.16E-44,1.02E-46
188,4.73E-31,1.25E-54,4.16E-63,6.56E-84,1.80E-13,4.34E-75,4.65E-08,2.93E-05,5.77E-47,3.47E-42,1.69E-09,3.05E-05,5.55E-09,1.21E-23,1.52E-14,5.88E-13,2.18E-06,3.41E-58,2.12E-06,2.81E-44,1.55E-47
189,1.16E-31,4.20E-55,1.90E-63,5.55E-85,1.54E-13,1.58E-75,3.80E-08,2.70E-05,1.38E-47,4.07E-42,1.37E-09,2.87E-05,7.86E-09,6.55E-24,1.18E-14,3.98E-13,2.22E-06,2.01E-59,2.02E-06,3.67E-44,5.24E-48
190,1.85E-32,1.71E-55,8.86E-64,9.84E-86,1.15E-13,4.10E-76,2.69E-08,2.58E-05,4.74E-48,4.79E-42,1.11E-09,2.84E-05,9.73E-09,3.57E-24,8.60E-15,3.10E-13,2.20E-06,1.16E-60,1.93E-06,4.82E-44,1.81E-48
191,2.34E-33,7.10E-56,4.23E-64,2.41E-86,8.47E-14,1.30E-76,1.91E-08,2.45E-05,2.61E-48,5.64E-42,8.69E-10,2.69E-05,1.25E-08,1.65E-24,6.24E-15,2.27E-13,2.30E-06,6.50E-62,1.84E-06,6.37E-44,2.71E-49
192,2.85E-34,9.05E-57,2.06E-64,3.34E-87,6.58E-14,5.03E-77,1.32E-08,2.36E-05,1.50E-48,6.65E-42,6.72E-10,2.61E-05,1.32E-08,7.61E-25,4.55E-15,1.61E-13,2.29E-06,3.57E-63,1.76E-06,8.46E-44,8.73E-50
193,3.34E-35,1.44E-57,1.03E-64,2.29E-89,5.43E-14,1.76E-77,9.19E-09,2.22E-05,5.25E-49,7.85E-42,5.44E-10,2.66E-05,9.46E-09,3.53E-25,3.36E-15,1.07E-13,2.28E-06,1.91E-64,1.68E-06,1.13E-43,2.88E-50
194,3.74E-36,3.84E-58,5.25E-65,8.73E-92,4.50E-14,4.83E-78,6.64E-09,2.11E-05,8.19E-49,9.28E-42,3.81E-10,2.42E-05,8.56E-09,1.95E-25,2.87E-15,7.32E-14,2.31E-06,9.97E-66,1.60E-06,1.52E-43,1.06E-50
195,4.03E-37,1.41E-58,2.75E-65,3.02E-94,3.74E-14,1.03E-78,4.39E-09,1.97E-05,7.51E-49,1.10E-41,2.96E-10,2.35E-05,5.57E-09,1.17E-25,2.41E-15,3.93E-14,2.31E-06,5.08E-67,1.53E-06,2.06E-43,4.33E-51
196,4.16E-38,6.24E-59,1.47E-65,3.50E-96,2.81E-14,3.46E-79,2.96E-09,1.90E-05,2.63E-49,1.31E-41,2.21E-10,2.30E-05,4.29E-09,6.67E-26,1.92E-15,2.02E-14,2.31E-06,2.53E-68,1.47E-06,2.80E-43,1.81E-51
197,4.24E-39,2.48E-59,8.07E-66,7.74E-98,2.46E-14,1.34E-79,2.07E-09,1.81E-05,1.65E-49,1.55E-41,1.56E-10,2.23E-05,5.34E-09,3.22E-26,1.53E-15,1.18E-14,2.42E-06,1.23E-69,1.41E-06,3.83E-43,7.72E-52
198,5.93E-40,4.64E-60,4.55E-66,1.84E-99,2.16E-14,5.51E-80,1.32E-09,1.71E-05,1.35E-49,1.85E-41,1.07E-10,2.15E-05,5.82E-09,1.97E-26,1.23E-15,6.12E-15,2.34E-06,7.24E-71,1.35E-06,5.27E-43,1.98E-52
199,8.87E-41,8.73E-61,2.63E-66,4.27E-101,1.86E-14,2.57E-80,8.68E-10,1.59E-05,5.42E-50,2.22E-41,7.74E-11,2.01E-05,3.85E-09,1.32E-26,9.48E-16,3.34E-15,2.36E-06,4.67E-72,1.30E-06,7.30E-43,8.52E-53
200,1.39E-41,1.66E-61,1.56E-66,9.55E-103,1.54E-14,9.55E-81,5.33E-10,1.52E-05,2.88E-50,2.66E-41,6.33E-11,1.89E-05,4.19E-09,9.11E-27,7.33E-16,1.82E-15,2.28E-06,2.98E-73,1.25E-06,1.02E-42,3.75E-53
201,2.23E-42,3.21E-62,9.48E-67,2.05E-104,1.28E-14,4.59E-81,3.50E-10,1.46E-05,3.53E-50,3.20E-41,4.94E-11,1.80E-05,3.50E-09,4.96E-27,5.71E-16,8.42E-16,2.31E-06,1.87E-74,1.20E-06,1.43E-42,1.70E-53
202,3.59E-43,6.31E-63,5.93E-67,4.25E-106,1.07E-14,1.94E-81,2.52E-10,1.42E-05,2.38E-50,3.86E-41,3.34E-11,1.74E-05,2.79E-09,2.88E-27,4.56E-16,4.42E-16,2.39E-06,1.16E-75,1.16E-06,2.02E-42,7.89E-54
203,5.76E-44,1.27E-63,3.86E-67,8.44E-108,7.16E-15,9.62E-82,1.72E-10,1.36E-05,1.36E-50,4.68E-41,2.59E-11,1.72E-05,2.24E-09,1.80E-27,3.85E-16,2.05E-16,2.34E-06,7.11E-77,1.12E-06,2.87E-42,3.77E-54
204,9.07E-45,3.31E-64,2.65E-67,1.61E-109,3.84E-15,4.26E-82,1.10E-10,1.26E-05,6.29E-52,5.68E-41,2.12E-11,1.59E-05,1.97E-09,1.40E-27,3.38E-16,9.07E-17,2.31E-06,4.30E-78,1.08E-06,4.11E-42,1.60E-54
205,1.39E-45,1.71E-64,1.87E-67,2.96E-111,2.90E-15,2.31E-82,7.23E-11,1.18E-05,3.11E-52,6.94E-41,1.46E-11,1.49E-05,1.58E-09,1.17E-27,2.89E-16,4.96E-17,2.23E-06,2.56E-79,1.04E-06,5.93E-42,7.79E-55
206,2.09E-46,5.03E-65,1.36E-67,5.21E-113,2.77E-15,1.34E-82,4.45E-11,1.13E-05,3.43E-52,8.50E-41,1.02E-11,1.43E-05,1.30E-09,9.83E-28,2.51E-16,2.57E-17,2.12E-06,1.51E-80,1.00E-06,8.61E-42,2.37E-55
207,3.07E-47,2.30E-65,1.01E-67,8.82E-115,2.00E-15,7.92E-83,2.78E-11,1.08E-05,2.21E-52,1.05E-40,8.65E-12,1.38E-05,1.05E-09,6.64E-28,2.20E-16,1.36E-17,1.95E-06,8.77E-82,9.72E-07,1.26E-41,9.52E-56
208,4.38E-48,1.39E-65,7.81E-68,1.43E-116,1.72E-15,4.47E-83,1.73E-11,1.04E-05,1.06E-52,1.29E-40,6.93E-12,1.30E-05,8.84E-10,3.86E-28,1.95E-16,6.79E-18,1.93E-06,5.04E-83,9.42E-07,1.85E-41,4.79E-56
209,6.11E-49,2.91E-66,6.18E-68,2.24E-118,1.66E-15,1.96E-83,1.09E-11,9.74E-06,3.31E-53,1.60E-40,5.01E-12,1.25E-05,6.52E-10,3.23E-28,1.68E-16,3.78E-18,1.82E-06,2.85E-84,9.13E-07,2.75E-41,2.25E-56
210,8.31E-50,5.15E-67,5.04E-68,3.63E-120,1.62E-15,8.09E-84,6.78E-12,9.35E-06,2.00E-53,2.00E-40,3.89E-12,1.20E-05,5.14E-10,2.73E-28,1.42E-16,2.03E-18,1.75E-06,1.60E-85,8.87E-07,4.10E-41,8.69E-57
211,1.10E-50,1.91E-67,4.24E-68,2.12E-121,1.58E-15,4.32E-84,4.24E-12,9.15E-06,3.44E-54,2.51E-40,2.63E-12,1.12E-05,4.20E-10,2.32E-28,1.21E-16,9.58E-19,1.63E-06,8.81E-87,8.62E-07,6.17E-41,5.05E-57
212,1.43E-51,3.38E-68,3.67E-68,4.82E-123,1.29E-15,2.79E-84,2.47E-12,8.77E-06,5.72E-55,3.16E-40,2.06E-12,1.09E-05,2.74E-10,2.00E-28,1.14E-16,4.21E-19,1.42E-06,4.80E-88,8.38E-07,9.35E-41,2.73E-57
213,1.80E-52,5.94E-69,3.27E-68,6.64E-126,8.34E-16,1.66E-84,1.33E-12,8.49E-06,1.36E-55,4.01E-40,1.60E-12,1.04E-05,2.22E-10,1.74E-28,1.04E-16,2.13E-19,1.24E-06,2.58E-89,8.17E-07,1.43E-40,6.86E-58
214,2.22E-53,1.03E-69,3.01E-68,5.48E-129,5.45E-16,1.07E-84,7.55E-13,8.17E-06,1.37E-55,5.11E-40,1.13E-12,9.97E-06,1.90E-10,1.53E-28,9.06E-17,1.16E-19,1.14E-06,1.37E-90,7.96E-07,2.20E-40,4.31E-58
215,2.70E-54,1.78E-70,2.86E-68,4.11E-132,3.46E-16,5.40E-85,4.68E-13,7.89E-06,2.19E-55,6.55E-40,9.71E-13,9.62E-06,1.23E-10,1.36E-28,7.97E-17,4.19E-20,9.82E-07,7.20E-92,7.77E-07,3.41E-40,2.89E-58
216,3.26E-55,3.04E-71,2.80E-68,2.79E-135,2.79E-16,2.68E-85,2.86E-13,7.51E-06,3.57E-55,8.44E-40,8.30E-13,8.71E-06,9.71E-11,1.22E-28,7.41E-17,1.73E-20,8.75E-07,3.73E-93,7.60E-07,5.32E-40,1.87E-58
217,4.07E-56,5.42E-72,2.84E-68,3.64E-138,2.29E-16,1.58E-85,1.70E-13,7.26E-06,2.81E-55,1.09E-39,7.60E-13,8.41E-06,7.11E-11,9.23E-29,6.63E-17,1.19E-20,8.21E-07,1.91E-94,7.44E-07,8.38E-40,1.30E-58
218,5.64E-57,1.64E-72,2.96E-68,2.55E-138,2.18E-16,1.06E-85,1.12E-13,6.93E-06,5.37E-56,1.43E-39,6.21E-13,8.16E-06,4.37E-11,7.97E-29,5.97E-17,5.43E-21,6.80E-07,9.64E-96,7.28E-07,1.33E-39,4.01E-59
219,9.59E-58,7.32E-73,1.71E-68,5.99E-139,2.10E-16,7.17E-86,6.43E-14,6.75E-06,1.08E-56,1.88E-39,4.74E-13,7.64E-06,2.54E-11,7.78E-29,5.20E-17,2.43E-21,6.05E-07,4.81E-97,7.15E-07,2.13E-39,2.33E-59
220,2.08E-58,1.75E-73,1.93E-68,3.97E-139,2.05E-16,5.03E-86,3.98E-14,6.47E-06,8.27E-57,2.49E-39,3.20E-13,7.24E-06,1.42E-11,7.70E-29,4.77E-17,1.12E-21,5.17E-07,2.37E-98,7.02E-07,3.43E-39,1.47E-59
221,5.32E-59,2.69E-74,2.25E-68,2.91E-141,1.87E-16,3.93E-86,2.32E-14,6.20E-06,2.10E-57,3.31E-39,2.43E-13,7.08E-06,7.19E-12,7.76E-29,4.41E-17,5.22E-22,5.02E-07,1.15E-99,7.03E-07,5.59E-39,1.08E-59
222,1.47E-59,5.61E-75,2.71E-68,2.29E-143,1.21E-16,3.36E-86,1.25E-14,5.99E-06,9.72E-59,4.44E-39,1.84E-13,6.67E-06,4.98E-12,7.94E-29,4.22E-17,2.59E-22,5.04E-07,5.54E-101,7.09E-07,9.16E-39,8.46E-60
223,4.18E-60,1.54E-75,8.04E-69,1.61E-145,9.95E-17,2.48E-86,6.35E-15,5.90E-06,1.55E-59,6.01E-39,1.60E-13,6.23E-06,2.25E-12,7.83E-29,4.05E-17,1.18E-22,5.11E-07,2.63E-102,7.17E-07,1.51E-38,7.05E-60
224,1.18E-60,4.87E-76,9.95E-69,1.24E-147,7.91E-17,2.24E-86,3.19E-15,5.75E-06,3.35E-60,8.18E-39,1.23E-13,6.03E-06,1.66E-12,7.69E-29,3.85E-17,5.35E-23,4.50E-07,1.23E-103,6.61E-07,2.53E-38,6.09E-60
225,3.30E-61,1.63E-76,1.27E-68,2.70E-150,6.76E-17,1.63E-86,1.59E-15,5.59E-06,7.30E-61,1.12E-38,8.30E-14,5.69E-06,1.04E-12,7.77E-29,3.69E-17,2.73E-23,4.22E-07,5.70E-105,6.54E-07,4.25E-38,4.52E-60
226,9.11E-62,5.87E-77,1.69E-68,1.26E-153,6.80E-17,1.64E-86,7.84E-16,5.45E-06,1.58E-61,1.55E-38,5.94E-14,5.54E-06,7.27E-13,8.37E-29,3.43E-17,1.16E-23,4.09E-07,2.60E-106,6.47E-07,7.21E-38,3.99E-60
227,9.45E-63,2.32E-77,2.32E-68,1.47E-154,6.91E-17,1.28E-86,4.01E-16,5.23E-06,3.46E-62,2.17E-38,3.85E-14,5.03E-06,3.98E-13,9.16E-29,3.08E-17,5.59E-24,3.51E-07,1.18E-107,6.41E-07,1.23E-37,3.54E-60
228,8.29E-64,1.01E-77,3.31E-68,9.69E-155,6.35E-17,8.24E-87,2.07E-16,5.07E-06,9.62E-63,3.05E-38,2.69E-14,4.44E-06,2.41E-13,1.02E-28,2.84E-17,2.90E-24,2.90E-07,5.25E-109,6.37E-07,2.13E-37,3.68E-60
229,7.07E-65,4.77E-78,4.13E-68,6.76E-155,4.08E-17,8.82E-87,1.06E-16,5.06E-06,2.57E-63,4.32E-38,1.73E-14,4.13E-06,1.48E-13,1.15E-28,2.83E-17,1.01E-24,2.40E-07,2.31E-110,6.33E-07,3.71E-37,3.96E-60
230,5.86E-66,2.41E-78,3.75E-68,4.99E-155,2.94E-17,8.82E-87,4.95E-17,4.93E-06,4.21E-63,4.26E-38,1.22E-14,3.69E-06,9.23E-14,1.31E-28,3.10E-17,3.15E-25,2.00E-07,1.01E-111,6.30E-07,6.52E-37,4.42E-60
231,4.72E-67,1.28E-78,3.00E-68,3.91E-155,2.22E-17,9.77E-87,2.28E-17,4.63E-06,1.91E-63,3.86E-38,1.07E-14,3.57E-06,1.08E-13,1.53E-28,3.29E-17,1.11E-25,1.61E-07,4.33E-113,6.28E-07,1.16E-36,5.14E-60
232,3.69E-68,7.05E-79,4.16E-68,2.81E-155,1.32E-17,1.23E-86,9.16E-18,4.51E-06,5.04E-64,3.57E-38,8.71E-15,3.33E-06,8.64E-14,1.66E-28,3.36E-17,3.93E-26,1.37E-07,1.84E-114,6.27E-07,2.07E-36,6.20E-60
233,2.80E-69,3.99E-79,7.61E-68,1.43E-155,9.38E-18,1.48E-86,4.53E-18,4.41E-06,4.40E-65,3.37E-38,6.21E-15,3.20E-06,6.54E-14,1.54E-28,3.56E-17,1.40E-26,1.13E-07,7.71E-116,6.26E-07,3.74E-36,6.56E-60
234,2.07E-70,2.32E-79,1.44E-67,1.34E-155,8.46E-18,2.35E-86,2.33E-18,4.28E-06,3.60E-66,3.26E-38,5.09E-15,3.06E-06,3.08E-14,1.49E-28,3.86E-17,5.02E-27,9.14E-08,3.20E-117,6.27E-07,6.81E-36,6.88E-60
235,1.48E-71,1.44E-79,2.84E-67,1.56E-157,9.44E-18,4.26E-86,1.01E-18,4.14E-06,8.71E-67,3.22E-38,4.02E-15,2.79E-06,1.70E-14,1.50E-28,3.92E-17,2.05E-27,6.96E-08,1.31E-118,6.29E-07,1.25E-35,9.39E-60
236,1.03E-72,1.04E-79,5.79E-67,7.32E-157,9.64E-18,7.70E-86,4.28E-19,4.03E-06,8.86E-67,1.30E-38,2.43E-15,2.61E-06,1.07E-14,1.67E-28,4.09E-17,8.34E-28,5.32E-08,5.30E-120,6.31E-07,2.33E-35,9.89E-60
237,6.95E-74,1.11E-79,1.22E-66,5.17E-156,7.12E-18,8.47E-86,1.87E-19,3.91E-06,2.79E-67,1.79E-39,1.53E-15,2.37E-06,1.09E-14,1.95E-28,4.40E-17,3.40E-28,4.13E-08,2.12E-121,6.35E-07,4.37E-35,9.93E-60
238,4.55E-75,1.98E-79,2.68E-66,1.89E-155,6.66E-18,8.09E-86,8.64E-20,3.77E-06,4.07E-68,2.39E-40,1.05E-15,2.26E-06,1.09E-14,2.30E-28,4.79E-17,1.39E-28,3.44E-08,8.38E-123,6.39E-07,8.28E-35,1.49E-59
239,2.89E-76,4.99E-79,6.06E-66,2.41E-155,6.91E-18,1.46E-85,3.76E-20,3.68E-06,1.79E-68,3.10E-41,7.92E-16,2.06E-06,6.80E-15,2.05E-28,5.27E-17,5.53E-29,2.84E-08,3.27E-124,6.45E-07,1.58E-34,2.32E-59
240,1.78E-77,1.44E-78,1.42E-65,3.27E-155,8.51E-18,2.71E-85,1.79E-20,3.56E-06,3.24E-68,3.91E-42,4.24E-16,1.86E-06,3.26E-15,1.87E-28,5.86E-17,1.81E-29,2.32E-08,1.26E-125,6.52E-07,3.06E-34,1.18E-59
241,1.07E-78,4.49E-78,3.45E-65,4.73E-155,9.77E-18,4.07E-85,8.01E-21,3.51E-06,4.38E-68,4.79E-43,3.91E-16,1.70E-06,1.05E-15,2.29E-28,6.58E-17,5.88E-30,2.02E-08,4.82E-127,6.59E-07,5.96E-34,2.18E-59
242,6.18E-80,1.46E-77,8.87E-65,7.31E-155,1.17E-17,6.08E-85,3.46E-21,3.46E-06,8.05E-68,5.69E-44,3.16E-16,1.52E-06,5.63E-16,2.28E-28,7.48E-17,2.07E-30,1.60E-08,1.82E-128,6.68E-07,1.17E-33,3.70E-59
243,3.48E-81,5.00E-77,1.80E-64,1.20E-154,1.41E-17,9.80E-85,1.48E-21,3.41E-06,1.52E-67,6.56E-45,1.90E-16,1.43E-06,3.77E-16,2.74E-28,8.59E-17,7.46E-31,1.25E-08,6.76E-130,6.79E-07,2.34E-33,6.99E-59
244,1.90E-82,5.23E-77,4.07E-64,2.09E-155,1.78E-17,1.84E-84,6.26E-22,3.36E-06,3.00E-67,7.33E-46,1.52E-16,1.32E-06,2.59E-16,2.65E-28,9.98E-17,2.38E-31,8.29E-09,2.49E-131,6.90E-07,4.70E-33,1.09E-58
245,1.00E-83,8.91E-78,1.20E-63,8.75E-157,2.08E-17,4.42E-84,2.62E-22,3.36E-06,6.50E-67,7.96E-47,1.25E-16,1.23E-06,2.06E-16,3.13E-28,1.17E-16,1.02E-31,5.93E-09,9.05E-133,7.03E-07,9.54E-33,1.93E-58
246,5.14E-85,1.34E-77,3.66E-63,3.11E-156,2.56E-17,1.18E-83,1.11E-22,3.24E-06,1.19E-66,8.39E-48,8.05E-17,1.16E-06,1.48E-16,3.83E-28,1.39E-16,3.67E-32,4.50E-09,3.25E-134,7.17E-07,1.96E-32,3.83E-58
247,2.55E-86,3.57E-77,1.17E-62,2.33E-158,2.38E-17,2.93E-83,4.65E-23,3.16E-06,1.88E-67,8.58E-49,5.33E-17,1.06E-06,8.74E-17,2.34E-28,1.67E-16,1.32E-32,3.68E-09,1.16E-135,7.33E-07,4.06E-32,5.83E-58
248,1.23E-87,3.28E-77,3.91E-62,1.14E-160,2.17E-17,9.26E-83,1.80E-23,3.12E-06,8.37E-67,8.51E-50,4.53E-17,9.77E-07,5.98E-17,2.65E-28,2.03E-16,4.71E-33,3.05E-09,4.06E-137,7.50E-07,8.51E-32,1.38E-57
249,5.72E-89,3.07E-77,7.82E-62,4.10E-162,2.18E-17,3.46E-82,7.21E-24,3.13E-06,4.19E-66,8.19E-51,3.06E-17,8.77E-07,3.68E-17,3.78E-28,2.50E-16,1.67E-33,2.53E-09,1.41E-138,7.70E-07,1.80E-31,1.43E-57
250,2.58E-90,2.93E-77,2.70E-61,2.35E-161,2.34E-17,8.37E-82,2.81E-24,3.11E-06,1.21E-65,7.66E-52,2.02E-17,8.10E-07,2.04E-17,5.80E-28,3.11E-16,6.68E-34,1.87E-09,4.84E-140,7.91E-07,3.86E-31,3.75E-57
251,1.13E-91,2.86E-77,7.62E-61,2.51E-160,2.92E-17,2.46E-81,1.07E-24,3.15E-06,2.81E-65,6.94E-53,1.42E-17,7.33E-07,8.31E-18,9.61E-28,3.91E-16,2.63E-34,1.36E-09,1.64E-141,8.14E-07,8.35E-31,1.02E-56
252,4.78E-93,2.85E-77,2.68E-60,6.09E-160,3.12E-17,7.96E-81,4.04E-25,3.09E-06,8.51E-65,6.10E-54,9.54E-18,6.94E-07,3.51E-18,8.25E-28,4.98E-16,7.72E-35,9.17E-10,5.51E-143,8.39E-07,1.83E-30,2.53E-56
253,1.96E-94,2.89E-77,1.07E-59,7.26E-160,3.93E-17,2.46E-80,1.60E-25,3.10E-06,3.99E-64,5.20E-55,7.54E-18,6.44E-07,2.11E-18,6.64E-28,6.42E-16,2.73E-35,6.66E-10,1.83E-144,8.66E-07,4.04E-30,5.29E-56
254,7.79E-96,2.99E-77,4.45E-59,4.32E-161,4.40E-17,7.26E-80,6.46E-26,3.05E-06,2.76E-63,4.31E-56,5.08E-18,6.67E-07,2.49E-18,8.11E-28,8.38E-16,1.40E-35,4.26E-10,5.99E-146,8.58E-07,9.03E-30,1.65E-55
255,2.99E-97,3.17E-77,1.94E-58,4.38E-162,5.81E-17,2.26E-79,2.41E-26,3.08E-06,6.63E-63,3.46E-57,3.49E-18,6.31E-07,1.81E-18,9.28E-28,1.11E-15,3.72E-36,2.56E-10,1.94E-147,7.25E-07,2.04E-29,5.60E-55
256,1.11E-98,3.42E-77,8.88E-58,5.68E-162,7.40E-17,8.97E-79,8.91E-27,3.11E-06,4.81E-62,2.69E-58,2.13E-18,6.32E-07,2.22E-18,8.96E-28,1.48E-15,1.07E-36,1.51E-10,6.21E-149,6.10E-07,4.67E-29,2.00E-54
257,4.00E-100,3.78E-77,4.25E-57,1.98E-160,1.09E-16,3.02E-78,3.25E-27,3.08E-06,6.18E-62,2.03E-59,1.35E-18,6.01E-07,2.57E-18,7.39E-28,2.00E-15,3.54E-37,9.06E-11,1.97E-150,5.11E-07,1.08E-28,7.46E-54
258,1.39E-101,4.25E-77,2.14E-56,8.11E-159,1.59E-16,1.30E-77,1.18E-27,3.09E-06,3.61E-62,1.49E-60,9.39E-19,5.49E-07,2.12E-18,7.78E-28,2.74E-15,8.33E-38,6.18E-11,6.16E-152,4.27E-07,2.53E-28,2.94E-53
259,4.68E-103,4.90E-77,1.12E-55,3.83E-157,1.74E-16,4.97E-77,4.10E-28,3.14E-06,5.01E-62,1.06E-61,6.60E-19,4.85E-07,1.27E-18,9.19E-28,3.84E-15,1.94E-38,4.69E-11,1.91E-153,3.55E-07,5.98E-28,1.21E-52
260,1.52E-104,5.76E-77,6.18E-55,2.08E-155,1.82E-16,2.27E-76,1.39E-28,3.18E-06,2.91E-62,7.30E-63,4.75E-19,4.71E-07,7.29E-19,8.44E-28,5.53E-15,4.99E-39,2.73E-11,5.85E-155,2.93E-07,1.43E-27,5.16E-52
261,4.80E-106,6.92E-77,3.25E-54,2.38E-154,1.73E-16,1.00E-75,4.72E-29,3.24E-06,2.02E-61,4.88E-64,2.81E-19,4.84E-07,3.33E-19,8.46E-28,7.83E-15,1.61E-39,1.68E-11,1.77E-156,2.42E-07,8.99E-28,1.98E-51
262,1.46E-107,8.50E-77,1.80E-53,6.87E-156,1.68E-16,4.54E-75,1.59E-29,3.23E-06,2.33E-61,3.16E-65,2.65E-19,4.42E-07,2.43E-19,9.54E-28,1.13E-14,5.32E-40,1.11E-11,5.30E-158,1.98E-07,4.92E-28,6.62E-51
263,4.30E-109,1.07E-76,7.95E-53,6.68E-155,2.75E-16,2.58E-74,5.27E-30,3.27E-06,1.12E-60,1.99E-66,3.02E-19,3.94E-07,1.14E-19,1.16E-27,1.64E-14,2.11E-40,6.70E-12,1.57E-159,1.62E-07,2.68E-28,1.94E-50
264,1.22E-110,1.37E-76,2.57E-52,9.44E-153,4.59E-16,1.32E-73,1.73E-30,3.29E-06,7.95E-60,1.21E-67,2.44E-19,3.61E-07,4.59E-20,1.53E-27,2.44E-14,4.63E-41,4.24E-12,4.60E-161,1.32E-07,1.46E-28,5.85E-50
265,3.36E-112,1.80E-76,1.49E-51,1.56E-150,4.37E-16,2.97E-73,5.60E-31,3.36E-06,1.79E-59,2.68E-67,2.69E-19,3.32E-07,2.68E-20,2.24E-27,3.67E-14,1.00E-41,2.56E-12,1.33E-162,1.07E-07,7.92E-29,2.89E-49
266,8.91E-114,6.03E-77,5.17E-51,1.05E-152,5.30E-16,1.46E-72,1.79E-31,3.45E-06,1.07E-58,1.35E-66,1.80E-19,3.04E-07,3.01E-20,4.43E-27,5.44E-14,2.23E-42,1.33E-12,3.81E-164,8.60E-08,4.29E-29,1.75E-48
267,2.29E-115,1.92E-77,3.70E-50,2.86E-153,7.83E-16,1.29E-71,5.69E-32,3.55E-06,5.91E-58,7.22E-66,1.34E-19,3.01E-07,2.39E-20,9.68E-27,8.31E-14,5.41E-43,7.65E-13,1.08E-165,6.90E-08,2.32E-29,1.04E-47
268,5.66E-117,6.08E-78,2.99E-49,7.35E-151,1.31E-15,9.48E-71,1.84E-32,3.65E-06,7.90E-57,4.06E-65,7.49E-20,2.90E-07,1.12E-20,2.21E-26,1.30E-13,1.31E-43,4.17E-13,3.03E-167,5.51E-08,1.25E-29,5.60E-47
269,1.35E-118,1.93E-78,1.97E-48,2.16E-148,2.20E-15,9.30E-70,5.95E-33,3.76E-06,3.16E-56,2.42E-64,5.53E-20,3.16E-07,6.13E-21,5.13E-26,2.05E-13,2.82E-44,2.29E-13,8.38E-169,4.38E-08,6.72E-30,4.08E-46
270,3.13E-120,6.12E-79,1.31E-47,1.10E-147,3.77E-15,9.95E-69,1.83E-33,3.80E-06,9.43E-57,1.52E-63,4.58E-20,2.86E-07,3.11E-21,7.69E-26,3.26E-13,7.83E-45,1.28E-13,2.30E-170,3.47E-08,3.60E-30,2.11E-45
271,6.98E-122,1.94E-79,9.64E-47,3.58E-148,6.83E-15,6.91E-68,5.15E-34,3.82E-06,2.13E-58,1.01E-62,6.39E-20,2.51E-07,1.01E-21,1.34E-25,4.87E-13,2.14E-45,7.90E-14,6.23E-172,2.74E-08,1.93E-30,1.72E-44
272,1.50E-123,6.15E-80,7.46E-46,4.47E-148,9.67E-15,3.38E-67,1.50E-34,3.88E-06,1.62E-58,7.11E-62,6.97E-20,2.22E-07,2.55E-22,3.22E-25,8.02E-13,5.79E-46,4.94E-14,1.67E-173,2.15E-08,1.03E-30,1.32E-43
273,3.12E-125,1.95E-80,6.11E-45,3.31E-147,1.52E-14,1.11E-66,3.58E-35,3.90E-06,7.18E-58,5.30E-61,6.51E-20,1.93E-07,6.26E-23,8.07E-25,1.34E-12,1.56E-46,2.95E-14,4.43E-175,1.68E-08,5.49E-31,8.39E-43
274,6.26E-127,6.26E-81,5.62E-44,1.67E-145,1.68E-14,8.47E-66,9.71E-36,3.95E-06,2.22E-58,4.18E-60,4.11E-20,1.67E-07,2.21E-23,2.13E-24,2.27E-12,4.19E-47,1.20E-14,1.16E-176,1.30E-08,2.92E-31,5.83E-42
275,1.21E-128,2.07E-81,4.92E-43,1.09E-143,2.34E-14,6.15E-65,2.71E-36,4.12E-06,2.84E-57,3.50E-59,2.59E-20,1.73E-07,3.26E-23,4.34E-24,3.89E-12,1.12E-47,4.70E-15,3.02E-178,1.01E-08,1.55E-31,6.10E-41
276,2.26E-130,7.61E-82,5.65E-42,7.95E-142,4.88E-14,6.13E-64,7.45E-37,4.22E-06,6.35E-57,3.10E-58,3.55E-20,1.97E-07,2.83E-23,7.75E-24,6.78E-12,2.84E-48,2.65E-15,7.76E-180,7.93E-09,8.18E-32,6.63E-40
277,4.06E-132,3.78E-82,7.29E-41,4.53E-143,1.10E-13,4.58E-63,2.10E-37,4.29E-06,1.81E-55,2.91E-57,6.16E-20,2.08E-07,1.13E-23,1.62E-23,1.20E-11,5.37E-49,1.15E-15,1.97E-181,1.08E-08,4.32E-32,5.79E-39
278,7.05E-134,3.00E-82,6.64E-40,6.49E-145,1.91E-13,2.61E-62,6.63E-38,4.47E-06,6.80E-55,2.91E-56,6.95E-20,2.05E-07,3.56E-24,3.85E-23,2.12E-11,9.64E-50,5.77E-16,4.96E-183,1.49E-08,2.28E-32,3.01E-38
279,1.18E-135,3.37E-82,8.13E-39,1.19E-146,2.74E-13,2.35E-61,2.14E-38,4.63E-06,6.56E-54,3.08E-55,5.41E-20,1.91E-07,7.90E-25,9.55E-23,3.62E-11,1.54E-50,2.41E-16,1.23E-184,2.06E-08,1.20E-32,4.04E-37
280,1.91E-137,4.38E-82,9.89E-38,2.50E-143,4.53E-13,1.35E-60,5.33E-39,4.71E-06,1.66E-52,3.47E-54,1.04E-19,1.78E-07,3.09E-25,2.54E-22,6.09E-11,3.10E-51,1.02E-16,3.04E-186,2.88E-08,6.28E-33,5.98E-36
281,2.96E-139,6.02E-82,1.71E-36,1.87E-139,6.37E-13,1.23E-59,1.27E-39,5.10E-06,2.09E-53,4.15E-53,1.67E-19,1.63E-07,7.83E-26,7.10E-22,1.05E-10,6.37E-52,4.30E-17,7.40E-188,4.04E-08,3.29E-33,4.42E-35
282,4.44E-141,1.92E-82,3.00E-35,1.72E-135,1.35E-12,1.84E-59,3.26E-40,5.33E-06,8.66E-54,5.27E-52,1.70E-19,1.74E-07,2.56E-26,1.78E-21,1.93E-10,1.35E-52,2.17E-17,1.78E-189,5.71E-08,1.72E-33,3.94E-34
283,6.42E-143,2.58E-83,5.27E-34,1.93E-131,2.95E-12,3.56E-58,7.00E-41,5.71E-06,1.53E-52,7.13E-51,1.34E-19,1.69E-07,1.31E-26,5.03E-21,3.45E-10,2.94E-53,1.07E-17,4.25E-191,8.11E-08,8.94E-34,5.36E-33
284,8.93E-145,3.42E-84,8.95E-33,1.66E-127,5.89E-12,1.05E-56,1.83E-41,5.90E-06,1.74E-52,1.03E-49,1.04E-19,1.50E-07,2.95E-27,1.55E-20,5.94E-10,6.55E-54,4.66E-18,1.00E-192,1.16E-07,4.65E-34,1.01E-31
285,1.20E-146,4.56E-85,2.20E-31,8.22E-124,1.01E-11,1.72E-55,4.84E-42,6.17E-06,7.97E-52,1.57E-48,9.23E-20,1.34E-07,7.59E-28,4.95E-20,1.05E-09,1.49E-54,1.98E-18,2.34E-194,1.67E-07,1.11E-33,1.68E-30
286,1.55E-148,6.20E-86,5.09E-30,2.62E-125,1.75E-11,2.12E-54,1.36E-42,6.40E-06,1.82E-51,2.56E-47,1.27E-19,1.30E-07,2.70E-28,1.64E-19,1.96E-09,3.42E-55,8.81E-19,5.42E-196,2.43E-07,3.49E-32,2.62E-29
287,1.92E-150,8.99E-87,1.07E-28,1.57E-126,3.93E-11,2.40E-53,3.85E-43,6.78E-06,1.22E-50,4.46E-46,4.69E-19,1.19E-07,1.02E-28,5.64E-19,3.97E-09,7.31E-56,3.41E-19,1.24E-197,3.55E-07,1.17E-30,5.32E-28
288,2.30E-152,1.49E-87,3.48E-27,4.34E-128,8.31E-11,2.87E-52,1.09E-43,7.01E-06,2.33E-48,8.27E-45,1.11E-18,1.08E-07,2.03E-29,1.75E-18,8.59E-09,1.48E-56,1.44E-19,2.80E-199,5.22E-07,4.20E-29,1.40E-26
289,2.65E-154,3.02E-88,1.20E-25,2.35E-129,1.52E-10,3.66E-51,2.76E-44,7.09E-06,4.23E-48,1.64E-43,9.11E-19,1.08E-07,8.61E-30,5.52E-18,1.57E-08,2.95E-57,6.99E-20,6.28E-201,7.73E-07,1.62E-27,3.44E-25
290,2.94E-156,7.47E-89,4.04E-24,3.10E-127,3.99E-10,5.66E-50,6.85E-45,7.28E-06,1.72E-47,3.45E-42,1.05E-18,9.98E-08,3.21E-30,2.07E-17,3.39E-08,5.86E-58,3.77E-20,1.39E-202,1.15E-06,6.66E-26,9.16E-24
291,3.14E-158,2.11E-89,1.01E-22,1.06E-125,6.84E-10,7.13E-48,1.71E-45,7.80E-06,4.35E-48,7.77E-41,8.38E-19,9.59E-08,6.22E-31,5.63E-17,7.02E-08,1.15E-58,1.75E-20,3.06E-204,1.73E-06,2.94E-24,2.14E-22
292,3.23E-160,6.39E-90,3.35E-21,4.14E-125,1.84E-09,5.27E-47,4.22E-46,8.40E-06,4.70E-49,1.87E-39,5.64E-18,8.80E-08,1.91E-31,1.49E-16,1.52E-07,2.23E-59,8.72E-21,6.64E-206,2.62E-06,1.39E-22,7.54E-21
293,3.19E-162,6.91E-90,1.27E-19,5.76E-126,4.19E-09,2.34E-45,9.88E-47,8.50E-06,5.70E-50,4.81E-38,3.98E-18,8.74E-08,4.92E-32,4.13E-16,2.87E-07,4.27E-60,4.08E-21,1.43E-207,3.99E-06,7.07E-21,2.92E-19
294,3.03E-164,1.37E-88,5.84E-18,2.82E-122,1.44E-08,4.07E-44,2.19E-47,8.73E-06,1.72E-50,1.32E-36,2.75E-18,8.32E-08,9.65E-33,1.17E-15,5.54E-07,8.18E-61,1.78E-21,3.04E-209,6.13E-06,3.85E-19,1.16E-17
295,2.78E-166,4.01E-87,3.06E-16,3.31E-113,4.96E-08,7.60E-43,4.81E-48,9.08E-06,1.85E-51,3.89E-35,1.78E-18,7.79E-08,4.16E-33,5.65E-15,1.29E-06,1.60E-61,7.02E-22,6.41E-211,9.47E-06,2.25E-17,4.62E-16
296,2.44E-168,1.26E-85,1.13E-14,6.02E-111,1.41E-07,1.51E-41,1.04E-48,9.38E-06,5.68E-50,5.26E-34,5.83E-18,8.50E-08,1.52E-33,8.77E-14,3.61E-06,3.35E-62,2.67E-22,1.34E-212,1.47E-05,1.42E-15,1.50E-14
297,2.06E-170,4.23E-84,5.90E-13,1.78E-106,2.74E-07,4.90E-40,2.23E-49,1.01E-05,8.44E-51,4.90E-34,3.45E-18,7.30E-08,2.84E-34,7.37E-13,9.50E-06,8.53E-63,9.55E-23,2.76E-214,2.14E-05,9.57E-14,7.34E-13
298,1.68E-172,1.52E-82,2.99E-11,4.25E-98,1.31E-06,7.27E-39,4.72E-50,1.01E-05,1.54E-51,4.62E-34,2.07E-18,6.44E-08,5.14E-35,3.83E-12,2.75E-05,3.00E-63,3.37E-23,5.65E-216,2.35E-05,6.95E-12,4.60E-11
299,1.31E-174,5.80E-81,1.82E-09,1.41E-98,4.26E-06,1.77E-37,9.85E-51,1.06E-05,2.20E-51,1.11E-33,1.26E-18,5.76E-08,9.16E-36,4.28E-11,8.26E-05,7.37E-64,1.18E-23,1.14E-217,2.58E-05,5.42E-10,3.40E-09
300,9.85E-177,2.38E-79,1.45E-07,2.63E-92,7.06E-06,2.27E-36,2.03E-51,1.07E-05,6.18E-51,3.07E-32,1.11E-18,4.91E-08,1.62E-36,1.32E-10,0.000251082,7.48E-65,4.06E-24,2.29E-219,2.83E-05,4.55E-08,1.79E-07
301,7.10E-179,1.04E-77,1.93E-05,5.16E-89,2.11E-05,7.60E-35,4.13E-52,1.08E-05,1.80E-50,9.06E-31,1.67E-18,3.94E-08,5.75E-37,4.98E-10,0.000657397,8.52E-66,1.38E-24,4.55E-221,3.12E-05,2.97E-07,2.17E-06
302,4.92E-181,1.39E-76,0.001213553,2.86E-88,4.28E-05,2.94E-33,8.66E-53,1.15E-05,5.29E-50,2.86E-29,2.30E-18,3.06E-08,2.69E-37,3.25E-09,0.001477717,1.10E-66,4.65E-25,8.94E-223,3.44E-05,1.25E-06,1.18E-05
303,3.28E-183,3.30E-76,0.040884723,1.70E-85,0.000113296,9.81E-32,1.79E-53,1.23E-05,6.48E-50,9.60E-28,1.61E-18,2.55E-08,1.07E-37,8.08E-09,0.003207099,1.58E-67,1.55E-25,1.74E-224,3.79E-05,4.57E-06,5.74E-05
